,Unnamed: 0,post,date,places_names,places,emotions,keywords
0,0,"–¶–µ–Ω–∞: 1900—Ä—É–±.
–ê—Ä—Ç: –ë-2–î-87
–†–∞–∑–º–µ—Ä—ã: 64,66,68,70
–ê—Ä—Ç: 4635460",1702684800,"['–ê—Ä—Ç', '–ê—Ä—Ç']","[Location(–ù–æ–≤–æ–∫—É–π–±—ã—à–µ–≤—Å–∫, –°–∞–º–∞—Ä—Å–∫–∞—è –æ–±–ª–∞—Å—Ç—å, (53.09453, 49.9413, 0.0)), Location(–ù–æ–≤–æ–∫—É–π–±—ã—à–µ–≤—Å–∫, –°–∞–º–∞—Ä—Å–∫–∞—è –æ–±–ª–∞—Å—Ç—å, (53.09453, 49.9413, 0.0))]","['NEUTRAL', 'NEUTRAL']","[[('—Ü–µ–Ω–∞ —Ä—É–± –∞—Ä—Ç', 0.8228), ('—Ä—É–± –∞—Ä—Ç', 0.8015), ('—Ä—É–± –∞—Ä—Ç —Ä–∞–∑–º–µ—Ä—ã', 0.7823), ('–∞—Ä—Ç —Ä–∞–∑–º–µ—Ä—ã', 0.7429), ('—Ä–∞–∑–º–µ—Ä—ã –∞—Ä—Ç', 0.733)], [('—Ü–µ–Ω–∞ —Ä—É–± –∞—Ä—Ç', 0.8228), ('—Ä—É–± –∞—Ä—Ç', 0.8015), ('—Ä—É–± –∞—Ä—Ç —Ä–∞–∑–º–µ—Ä—ã', 0.7823), ('–∞—Ä—Ç —Ä–∞–∑–º–µ—Ä—ã', 0.7429), ('—Ä–∞–∑–º–µ—Ä—ã –∞—Ä—Ç', 0.733)]]"
1,1,"–¢—É–Ω–∏–∫–∞
–¶–µ–Ω–∞: 2250—Ä—É–±.
–†–∞–∑–º–µ—Ä—ã: 42,52,–ï–î–ò–ù–´–ô
–î–ª–∏–Ω–∞: 85—Å–º
–ú–∞—Ç–µ—Ä–∏–∞–ª: —Ö–ª–æ–ø–æ–∫
–ê—Ä—Ç: 4639895",1702684800,['–ê—Ä—Ç'],"[Location(–ù–æ–≤–æ–∫—É–π–±—ã—à–µ–≤—Å–∫, –°–∞–º–∞—Ä—Å–∫–∞—è –æ–±–ª–∞—Å—Ç—å, (53.09453, 49.9413, 0.0))]",['NEUTRAL'],"[[('–º–∞—Ç–µ—Ä–∏–∞–ª —Ö–ª–æ–ø–æ–∫ –∞—Ä—Ç', 0.7538), ('—Å–º –º–∞—Ç–µ—Ä–∏–∞–ª —Ö–ª–æ–ø–æ–∫', 0.7327), ('—Ö–ª–æ–ø–æ–∫ –∞—Ä—Ç', 0.7261), ('–º–∞—Ç–µ—Ä–∏–∞–ª —Ö–ª–æ–ø–æ–∫', 0.7176), ('—Ü–µ–Ω–∞ —Ä—É–± —Ä–∞–∑–º–µ—Ä—ã', 0.6945)]]"
2,2,"–¶–µ–Ω–∞ 3950 —Ä—É–±
–†–∞–∑–º–µ—Ä 46-48-50-52-54-56
–ê—Ä—Ç 1–≥-10/–∞
–ö–æ—Å—Ç—é–º
–° –º–µ—Ö–æ–º

https://vk.com/photo-188536751_465531865",1702684800,[],[],[],[]
3,3,"–®–∞–ø–∫–∞
–¶–µ–Ω–∞: 950—Ä—É–±.
–ê—Ä—Ç: 1–ë-18
–ê—Ä—Ç: 4629926",1702684800,['–ë-\n–ê—Ä—Ç'],"[Location(–ù–æ–≤–æ–∫—É–π–±—ã—à–µ–≤—Å–∫, –°–∞–º–∞—Ä—Å–∫–∞—è –æ–±–ª–∞—Å—Ç—å, (53.09453, 49.9413, 0.0))]",['NEUTRAL'],"[[('—à–∞–ø–∫–∞ —Ü–µ–Ω–∞ —Ä—É–±', 0.8376), ('—Ü–µ–Ω–∞ —Ä—É–± –∞—Ä—Ç', 0.8206), ('—à–∞–ø–∫–∞ —Ü–µ–Ω–∞', 0.7952), ('—Ä—É–± –∞—Ä—Ç', 0.7675), ('—Ä—É–± –∞—Ä—Ç –∞—Ä—Ç', 0.7646)]]"
4,4,"–¶–µ–Ω–∞: 1470—Ä—É–±.
–†–∞–∑–º–µ—Ä—ã: 48,50,52
–ú–∞—Ç–µ—Ä–∏–∞–ª: –∞–∫—Ä–∏–ª, —à–µ—Ä—Å—Ç—å",1702684800,[],[],[],[]
5,5,"–ö–æ–º–±–∏–Ω–µ–∑–æ–Ω
–¶–µ–Ω–∞: 1400—Ä—É–±.
–†–∞–∑–º–µ—Ä—ã: 52,54,56,58,60,62
–ú–∞—Ç–µ—Ä–∏–∞–ª: –∫—Ä–µ–ø
–ê—Ä—Ç: 4622658",1702684800,['–ê—Ä—Ç'],"[Location(–ù–æ–≤–æ–∫—É–π–±—ã—à–µ–≤—Å–∫, –°–∞–º–∞—Ä—Å–∫–∞—è –æ–±–ª–∞—Å—Ç—å, (53.09453, 49.9413, 0.0))]",['NEGATIVE'],"[[('—Ä–∞–∑–º–µ—Ä—ã –º–∞—Ç–µ—Ä–∏–∞–ª –∫—Ä–µ–ø', 0.7683), ('–º–∞—Ç–µ—Ä–∏–∞–ª –∫—Ä–µ–ø –∞—Ä—Ç', 0.748), ('–º–∞—Ç–µ—Ä–∏–∞–ª –∫—Ä–µ–ø', 0.7421), ('–∫–æ–º–±–∏–Ω–µ–∑–æ–Ω —Ü–µ–Ω–∞ —Ä—É–±', 0.7408), ('–∫—Ä–µ–ø –∞—Ä—Ç', 0.7171)]]"
6,6,"–°–≤–∏—Ç–µ—Ä
–¶–µ–Ω–∞: 1750—Ä—É–±.
–†–∞–∑–º–µ—Ä—ã: 48,50,52
–ú–∞—Ç–µ—Ä–∏–∞–ª: –∞–∫—Ä–∏–ª, —à–µ—Ä—Å—Ç—å
–ê—Ä—Ç: 4636744",1702684800,[],[],[],[]
7,7,"–ü–æ–¥—É—à–∫–∞
–¶–µ–Ω–∞: 2250—Ä—É–±.
–ê—Ä—Ç: 2–ì-34
–†–∞–∑–º–µ—Ä—ã: S,–ï–í–†–û
–ú–∞—Ç–µ—Ä–∏–∞–ª: —Å–∞—Ç–∏–Ω
–ê—Ä—Ç: 4629700",1702684800,[],[],[],[]
8,8,"–¶–µ–Ω–∞: 2010—Ä—É–±.
–ê—Ä—Ç: 2–í-14
–†–∞–∑–º–µ—Ä—ã: 42,44,46,48,50,52,54,56,58,60
–ê—Ä—Ç: 4636381",1702684800,[],[],[],[]
9,9,"–ü–ª–∞—Ç—å–µ
–¶–µ–Ω–∞: 1700—Ä—É–±.
–†–∞–∑–º–µ—Ä—ã: 50,52,54,56
–î–æ–ø. –æ–ø—Ü–∏—è: –Ω–∞ –ø–æ–¥–∫–ª–∞–¥–∫–µ
–ú–∞—Ç–µ—Ä–∏–∞–ª: —à–∏—Ñ–æ–Ω
–ê—Ä—Ç: 4640374",1702684800,[],[],[],[]
10,10,"–ö–æ—Å—Ç—é–º
–¶–µ–Ω–∞: 3340—Ä—É–±.
–†–∞–∑–º–µ—Ä—ã: 50,52,54,56
–ú–∞—Ç–µ—Ä–∏–∞–ª: –ª—é—Ä–µ–∫—Å
–°–µ–∑–æ–Ω: –∑–∏–º–∞
–ê—Ä—Ç: 4631964",1702684800,[],[],[],[]
11,11,Original: https://live.staticflickr.com/65535/53353552916_272da104b5_k.jpg,1702684800,[],[],[],[]
12,12,Original: https://live.staticflickr.com/65535/53352680902_0d4d9bd917_k.jpg,1702684800,[],[],[],[]
13,13,"–ö—Ä–æ—Å—Å–æ–≤–∫–∏
–¶–µ–Ω–∞: 2780—Ä—É–±.
–†–∞–∑–º–µ—Ä—ã: 41,42,43,44,45,46
–î–æ–ø. –æ–ø—Ü–∏—è: –Ω–∞ —à–Ω—É—Ä–∫–µ
–ú–∞—Ç–µ—Ä–∏–∞–ª: –∫–æ–∂–∞
–ù–∞—á–µ—Å: —Å –Ω–∞—á–µ—Å–æ–º
–†–∞–∑–º–µ—Ä–Ω–æ—Å—Ç—å: –≤ —Ä–∞–∑–º–µ—Ä
–°–µ–∑–æ–Ω: –∑–∏–º–∞
–ê—Ä—Ç: 4635581",1702684800,[],[],[],[]
14,14,"–ê–†–¢:–ë-2–î-13
–∫–æ—Å—Ç—é–º –¥–≤–æ–π–∫–∞
–¶–µ–Ω–∞: 1650 —Ä—É–±.
–†–∞–∑–º–µ—Ä: 42 44 46 48
–¢–∫–∞–Ω—å: –º–∏–∫—Ä–æ–≤–µ–ª—å–≤–µ—Ç",1702684800,['–¢–∫–∞–Ω—å'],"[Location(–ù–æ–≤–æ–∫—É–π–±—ã—à–µ–≤—Å–∫, –°–∞–º–∞—Ä—Å–∫–∞—è –æ–±–ª–∞—Å—Ç—å, (53.09453, 49.9413, 0.0))]",['NEGATIVE'],"[[('–∞—Ä—Ç –∫–æ—Å—Ç—é–º –¥–≤–æ–π–∫–∞', 0.7041), ('–∞—Ä—Ç', 0.6852), ('–¥–≤–æ–π–∫–∞ —Ü–µ–Ω–∞ —Ä—É–±', 0.6756), ('–∞—Ä—Ç –∫–æ—Å—Ç—é–º', 0.6717), ('—Ü–µ–Ω–∞ —Ä—É–± —Ä–∞–∑–º–µ—Ä', 0.6445)]]"
15,15,"–¶–µ–Ω–∞: 1700—Ä—É–±.
–ê—Ä—Ç: 2–ì-34
–†–∞–∑–º–µ—Ä—ã: 52,54,56,58,60
–ú–∞—Ç–µ—Ä–∏–∞–ª: –≤–µ–ª—é—Ä, —Ö–ª–æ–ø–æ–∫
–ê—Ä—Ç: 4614393",1702684800,['—Ö–ª–æ–ø–æ–∫\n–ê—Ä—Ç'],"[Location(–ù–æ–≤–æ–∫—É–π–±—ã—à–µ–≤—Å–∫, –°–∞–º–∞—Ä—Å–∫–∞—è –æ–±–ª–∞—Å—Ç—å, (53.09453, 49.9413, 0.0))]",['NEGATIVE'],"[[('—Ü–µ–Ω–∞ —Ä—É–± –∞—Ä—Ç', 0.7545), ('—Ä—É–± –∞—Ä—Ç', 0.741), ('–≤–µ–ª—é—Ä —Ö–ª–æ–ø–æ–∫ –∞—Ä—Ç', 0.7184), ('—Ä—É–± –∞—Ä—Ç —Ä–∞–∑–º–µ—Ä—ã', 0.7151), ('–∞—Ä—Ç —Ä–∞–∑–º–µ—Ä—ã –º–∞—Ç–µ—Ä–∏–∞–ª', 0.7054)]]"
16,16,Original: https://live.staticflickr.com/65535/53354002575_bd45ec844a_k.jpg,1702684800,[],[],[],[]
17,17,"—à–≤–∞–±—Ä–∞ 
—à–≤–∞–±—Ä–∞ —Å –ø—Ä–æ—Å—Ç—ã–º –∏ —ç—Ñ—Ñ–µ–∫—Ç–∏–≤–Ω—ã–º –º–µ—Ö–∞–Ω–∏–∑–º–æ–º –æ—Ç–∂–∏–º–∞. –æ–¥–Ω–∏–º –¥–≤–∏–∂–µ–Ω–∏–µ–º –ª–æ–ø–∞—Å—Ç–∏ —à–≤–∞–±—Ä—ã —Å–∫–ª–∞–¥—ã–≤–∞—é—Ç—Å—è, –Ω–∞—Å–∞–¥–∫–∞ —Å–∫—Ä—É—á–∏–≤–∞–µ—Ç—Å—è –∏ –æ—Ç–∂–∏–º–∞–µ—Ç—Å—è. —É–≤–µ–ª–∏—á–µ–Ω–Ω–∞—è —á–∏—Å—Ç—è—â–∞—è –ø–æ–≤–µ—Ä—Ö–Ω–æ—Å—Ç—å –∏ –æ–±—Ç–µ–∫–∞–µ–º—ã–µ —Ñ–æ—Ä–º—ã, —É–≥–æ–ª –ø–æ–≤–æ—Ä–æ—Ç–∞ 360 –≥—Ä–∞–¥—É—Å–æ–≤, –Ω–∞—Å–∞–¥–∫–∞ –∏–∑ –º–∏–∫—Ä–æ—Ñ–∏–±—Ä—ã, –∫–æ—Ç–æ—Ä–∞—è —Å–æ–±–∏—Ä–∞–µ—Ç –ø—ã–ª—å, –≤–æ–ª–æ—Å—ã, –æ—á–µ–Ω—å –±—ã—Å—Ç—Ä–æ –≤–ø–∏—Ç—ã–≤–∞–µ—Ç –∂–∏–¥–∫–æ—Å—Ç–∏, –Ω–µ –æ—Å—Ç–∞–≤–ª—è–µ—Ç —Ä–∞–∑–≤–æ–¥–æ–≤, –Ω–µ —Ü–∞—Ä–∞–ø–∞–µ—Ç –ø–æ–ª. –≤—Å—ë —ç—Ç–æ –ø–æ–∑–≤–æ–ª—è–µ—Ç –±—ã—Å—Ç—Ä–æ –∏ –∫–∞—á–µ—Å—Ç–≤–µ–Ω–Ω–æ —Å–¥–µ–ª–∞—Ç—å —É–±–æ—Ä–∫—É. 
—Ü–µ–Ω–∞: 570 —Ä—É–±  
 –∞—Ä—Ç–∏–∫—É–ª: 4913918",1702684800,[],[],[],[]
18,18,"–ü–∏–∂–∞–º–∞
–¶–µ–Ω–∞: 1150—Ä—É–±.
–†–∞–∑–º–µ—Ä—ã: 46,48,50,52,54,56
–ú–∞—Ç–µ—Ä–∏–∞–ª: —Ö–ª–æ–ø–æ–∫
–ê—Ä—Ç: 4636151",1702684800,[],[],[],[]
19,19,"–ö–∞—Ä–Ω–∞–≤–∞–ª—å–Ω—ã–π –∫–æ—Å—Ç—é–º
–¶–µ–Ω–∞: 1150—Ä—É–±.
–ê—Ä—Ç: 24-63
–†–∞–∑–º–µ—Ä—ã: 110,116,122,128,140,146,152
–ê—Ä—Ç: 4634627",1702684800,[],[],[],[]
20,20,"2335
–ö–æ–ª–≥–æ—Ç–∫–∏ –≤ —Ä—É–±—á–∏–∫ –Ω–∞ –º–µ—Ö—Éüî•üî•üî•–†–∞–∑–º–µ—Ä 56-62 –µ–¥–∏–Ω–∫–∞
–¢—è–Ω—É—Ç—Å—è –∫–ª–∞—Å—Å—Å–Ω–æüí•üí•üí•–ù–µ —Å–∫–∞—Ç—ã–≤–∞–µ—Ç—Å—è
–¶–µ–Ω–∞ 2700‚ÇΩ(6—à—Ç)",1702684800,"['–¢—è–Ω—É—Ç—Å—è –∫–ª–∞—Å—Å—Å–Ω–æ–ù–µ', '–¶–µ–Ω–∞']","[Location(–ù–æ–≤–æ–∫—É–π–±—ã—à–µ–≤—Å–∫, –°–∞–º–∞—Ä—Å–∫–∞—è –æ–±–ª–∞—Å—Ç—å, (53.09453, 49.9413, 0.0)), Location(–ù–æ–≤–æ–∫—É–π–±—ã—à–µ–≤—Å–∫, –°–∞–º–∞—Ä—Å–∫–∞—è –æ–±–ª–∞—Å—Ç—å, (53.09453, 49.9413, 0.0))]","['NEUTRAL', 'NEUTRAL']","[[('–∫–ª–∞—Å—Å—Å–Ω–æ–Ω–µ —Å–∫–∞—Ç—ã–≤–∞–µ—Ç—Å—è —Ü–µ–Ω–∞', 0.7995), ('—Å–∫–∞—Ç—ã–≤–∞–µ—Ç—Å—è —Ü–µ–Ω–∞ —à—Ç', 0.7961), ('–∫–æ–ª–≥–æ—Ç–∫–∏ —Ä—É–±—á–∏–∫ –º–µ—Ö—É—Ä–∞–∑–º–µ—Ä', 0.7768), ('—Ä—É–±—á–∏–∫ –º–µ—Ö—É—Ä–∞–∑–º–µ—Ä –µ–¥–∏–Ω–∫–∞', 0.7522), ('—Å–∫–∞—Ç—ã–≤–∞–µ—Ç—Å—è —Ü–µ–Ω–∞', 0.74)], [('–∫–ª–∞—Å—Å—Å–Ω–æ–Ω–µ —Å–∫–∞—Ç—ã–≤–∞–µ—Ç—Å—è —Ü–µ–Ω–∞', 0.7995), ('—Å–∫–∞—Ç—ã–≤–∞–µ—Ç—Å—è —Ü–µ–Ω–∞ —à—Ç', 0.7961), ('–∫–æ–ª–≥–æ—Ç–∫–∏ —Ä—É–±—á–∏–∫ –º–µ—Ö—É—Ä–∞–∑–º–µ—Ä', 0.7768), ('—Ä—É–±—á–∏–∫ –º–µ—Ö—É—Ä–∞–∑–º–µ—Ä –µ–¥–∏–Ω–∫–∞', 0.7522), ('—Å–∫–∞—Ç—ã–≤–∞–µ—Ç—Å—è —Ü–µ–Ω–∞', 0.74)]]"
21,21,"–¶–µ–Ω–∞: 1650—Ä—É–±.
–†–∞–∑–º–µ—Ä—ã: 74,86,92,98,104
–ú–∞—Ç–µ—Ä–∏–∞–ª: —Ñ–∞—Ç–∏–Ω",1702684800,[],[],[],[]
22,22,"–í–æ–¥–æ–ª–∞–∑–∫–∞
–†–∞–∑–º–µ—Ä—ã: 5-6,6-7,7-8
–ú–∞—Ç–µ—Ä–∏–∞–ª: —Ö–ª–æ–ø–æ–∫",1702684800,[],[],[],[]
23,23,Original: https://sun9-67.userapi.com/impg/ovKzK8-xaiZAMhdvUsqXk-beM1udJC0pGqZ2cQ/cTcHDFTnHWM.jpg?size=342x720&quality=96&sign=26b2a79ceff531418e130c52380de6fc&type=album,1702684800,[],[],[],[]
24,24,"–ö–æ—Å—Ç—é–º —Ç—Ä–æ–π–∫–∞
–¶–µ–Ω–∞: 1730—Ä—É–±.
–†–∞–∑–º–µ—Ä—ã: 54,56,58,60,62,64
–í–µ—Ä—Ö: —Ñ—É—Ç–±–æ–ª–∫–∞
–ú–∞—Ç–µ—Ä–∏–∞–ª: –ª–∞–π—Ç, —Ç—Ä–∏–∫–æ—Ç–∞–∂
–†–∞–∑–º–µ—Ä–Ω–æ—Å—Ç—å: –≤ —Ä–∞–∑–º–µ—Ä
–ê—Ä—Ç: 4636003",1702684800,[],[],[],[]
25,25,"–ö–æ—à–µ–ª–µ–∫
–¶–µ–Ω–∞: 1200—Ä—É–±.
–ú–∞—Ç–µ—Ä–∏–∞–ª: –∫–æ–∂–∞
–ê—Ä—Ç: 4635054",1702684800,[],[],[],[]
26,26,"–ü–ª–∞—Ç—å–µ
–¶–µ–Ω–∞: 2250—Ä—É–±.
–ê—Ä—Ç: 2–ì-06
–†–∞–∑–º–µ—Ä—ã: 42,46,–ï–î–ò–ù–´–ô
–ú–∞—Ç–µ—Ä–∏–∞–ª: —Ç—Ä–∏–∫–æ—Ç–∞–∂
–ú–æ–¥–µ–ª—å: 168—Å–º",1702684800,"['–ï–î–ò–ù–´–ô\n–ú–∞—Ç–µ—Ä–∏–∞–ª', '–ú–æ–¥–µ–ª—å']","[Location(–ù–æ–≤–æ–∫—É–π–±—ã—à–µ–≤—Å–∫, –°–∞–º–∞—Ä—Å–∫–∞—è –æ–±–ª–∞—Å—Ç—å, (53.09453, 49.9413, 0.0)), Location(–ù–æ–≤–æ–∫—É–π–±—ã—à–µ–≤—Å–∫, –°–∞–º–∞—Ä—Å–∫–∞—è –æ–±–ª–∞—Å—Ç—å, (53.09453, 49.9413, 0.0))]","['NEGATIVE', 'NEGATIVE']","[[('—Ä—É–± –∞—Ä—Ç —Ä–∞–∑–º–µ—Ä—ã', 0.7462), ('—Ü–µ–Ω–∞ —Ä—É–± –∞—Ä—Ç', 0.738), ('—Ä—É–± –∞—Ä—Ç', 0.7147), ('–ø–ª–∞—Ç—å–µ —Ü–µ–Ω–∞ —Ä—É–±', 0.7126), ('—Ç—Ä–∏–∫–æ—Ç–∞–∂ –º–æ–¥–µ–ª—å —Å–º', 0.7054)], [('—Ä—É–± –∞—Ä—Ç —Ä–∞–∑–º–µ—Ä—ã', 0.7462), ('—Ü–µ–Ω–∞ —Ä—É–± –∞—Ä—Ç', 0.738), ('—Ä—É–± –∞—Ä—Ç', 0.7147), ('–ø–ª–∞—Ç—å–µ —Ü–µ–Ω–∞ —Ä—É–±', 0.7126), ('—Ç—Ä–∏–∫–æ—Ç–∞–∂ –º–æ–¥–µ–ª—å —Å–º', 0.7054)]]"
27,27,Original: https://sun9-67.userapi.com/impg/HZQJZWETb22WM3AxW8cto8LiNUBd59RIB1mK6g/BgQopNnjcT8.jpg?size=411x720&quality=96&sign=f6b730eb0c54476e83bd8a200f216498&type=album,1702684800,[],[],[],[]
28,28,"–•–ª–æ–ø—É—à–∫–∞
–¶–µ–Ω–∞: 500—Ä—É–±.
–ê—Ä—Ç: C-2-3-07
–ê—Ä—Ç: 4590016",1702684800,"['–ê—Ä—Ç', '–ê—Ä—Ç']","[Location(–ù–æ–≤–æ–∫—É–π–±—ã—à–µ–≤—Å–∫, –°–∞–º–∞—Ä—Å–∫–∞—è –æ–±–ª–∞—Å—Ç—å, (53.09453, 49.9413, 0.0)), Location(–ù–æ–≤–æ–∫—É–π–±—ã—à–µ–≤—Å–∫, –°–∞–º–∞—Ä—Å–∫–∞—è –æ–±–ª–∞—Å—Ç—å, (53.09453, 49.9413, 0.0))]","['NEUTRAL', 'NEUTRAL']","[[('—Ü–µ–Ω–∞ —Ä—É–± –∞—Ä—Ç', 0.8186), ('—Ö–ª–æ–ø—É—à–∫–∞ —Ü–µ–Ω–∞ —Ä—É–±', 0.7964), ('—Ä—É–± –∞—Ä—Ç', 0.7706), ('—Ä—É–± –∞—Ä—Ç –∞—Ä—Ç', 0.7608), ('—Ö–ª–æ–ø—É—à–∫–∞ —Ü–µ–Ω–∞', 0.7491)], [('—Ü–µ–Ω–∞ —Ä—É–± –∞—Ä—Ç', 0.8186), ('—Ö–ª–æ–ø—É—à–∫–∞ —Ü–µ–Ω–∞ —Ä—É–±', 0.7964), ('—Ä—É–± –∞—Ä—Ç', 0.7706), ('—Ä—É–± –∞—Ä—Ç –∞—Ä—Ç', 0.7608), ('—Ö–ª–æ–ø—É—à–∫–∞ —Ü–µ–Ω–∞', 0.7491)]]"
29,29,"–°–≤–∏—Ç–µ—Ä
–¶–µ–Ω–∞: 1430—Ä—É–±.
–†–∞–∑–º–µ—Ä—ã: 48,50,52,54,56
–ú–∞—Ç–µ—Ä–∏–∞–ª: —à–µ—Ä—Å—Ç—å
–†–∞–∑–º–µ—Ä–Ω–æ—Å—Ç—å: –≤ —Ä–∞–∑–º–µ—Ä
–ê—Ä—Ç: 4581431",1702684800,[],[],[],[]
30,30,"–¶–µ–Ω–∞: 2310—Ä—É–±.
–†–∞–∑–º–µ—Ä—ã: 50,52,54,56,58,60",1702684800,[],[],[],[]
31,31,"–†–∞—Å–ø—Ä–æ–¥–∞–∂–∞ –ø–æ 300 —Ä—É–±–ª–µ 
–†–∞–∑–º–µ—Ä–∞ (44-46)
–¶–≤–µ—Ç–∞ –±–µ–∑ –≤—ã–±–æ—Ä–∞ 
–õ–∏–Ω–∏–∏ 24 –∫–æ–Ω—Ç–µ–π–Ω–µ—Ä 75",1702684800,[],[],[],[]
32,32,Original: https://sun9-41.userapi.com/impg/wIX2dGGvguaXfMW8O4KIoWtyyoD9thAk9RtEbg/nZIaiGDEV8U.jpg?size=807x799&quality=95&sign=e5357c8d03aa5145d67a5332bbc96a92&c_uniq_tag=OAkATiTltiHwdeGBLYflH22hvAnorlsdBDsl-TVKR2I&type=album,1702684800,[],[],[],[]
33,33,"–ì–∏—Ä–ª—è–Ω–¥–∞
–¶–µ–Ω–∞: 1100—Ä—É–±.
–ê—Ä—Ç: 30-50
–ê—Ä—Ç: 4640421",1702684800,"['–ê—Ä—Ç', '–ê—Ä—Ç']","[Location(–ù–æ–≤–æ–∫—É–π–±—ã—à–µ–≤—Å–∫, –°–∞–º–∞—Ä—Å–∫–∞—è –æ–±–ª–∞—Å—Ç—å, (53.09453, 49.9413, 0.0)), Location(–ù–æ–≤–æ–∫—É–π–±—ã—à–µ–≤—Å–∫, –°–∞–º–∞—Ä—Å–∫–∞—è –æ–±–ª–∞—Å—Ç—å, (53.09453, 49.9413, 0.0))]","['NEUTRAL', 'NEUTRAL']","[[('—Ü–µ–Ω–∞ —Ä—É–± –∞—Ä—Ç', 0.8607), ('–≥–∏—Ä–ª—è–Ω–¥–∞ —Ü–µ–Ω–∞ —Ä—É–±', 0.8563), ('—Ä—É–± –∞—Ä—Ç –∞—Ä—Ç', 0.8289), ('—Ä—É–± –∞—Ä—Ç', 0.8173), ('–≥–∏—Ä–ª—è–Ω–¥–∞ —Ü–µ–Ω–∞', 0.817)], [('—Ü–µ–Ω–∞ —Ä—É–± –∞—Ä—Ç', 0.8607), ('–≥–∏—Ä–ª—è–Ω–¥–∞ —Ü–µ–Ω–∞ —Ä—É–±', 0.8563), ('—Ä—É–± –∞—Ä—Ç –∞—Ä—Ç', 0.8289), ('—Ä—É–± –∞—Ä—Ç', 0.8173), ('–≥–∏—Ä–ª—è–Ω–¥–∞ —Ü–µ–Ω–∞', 0.817)]]"
34,34,"–Æ–±–∫–∞
–¶–µ–Ω–∞: 1200—Ä—É–±.
–†–∞–∑–º–µ—Ä—ã: 42,44,46,48
–ú–∞—Ç–µ—Ä–∏–∞–ª: –¥–∂–∏–Ω—Å
–ê—Ä—Ç: 4638135",1702684800,[],[],[],[]
35,35,"–°–ø–æ—Ä—Ç–∏–≤–Ω—ã–π –∫–æ—Å—Ç—é–º
–¶–µ–Ω–∞: 2300—Ä—É–±.
–†–∞–∑–º–µ—Ä—ã: 92,98,104,110,116,122,128,134,140,146,152,158
–ú–∞—Ç–µ—Ä–∏–∞–ª: —Ç—Ä–µ—Ö–Ω–∏—Ç–∫–∞, —Ñ–ª–∏—Å
–ù–∞—á–µ—Å: —Å –Ω–∞—á–µ—Å–æ–º",1702684800,[],[],[],[]
36,36,Original: https://sun9-14.userapi.com/impg/wmS3UAAuQ_Q6ip5bchvrtxKGRRoYcRv92bm0hw/tdOO-cyIWRo.jpg?size=658x720&quality=96&sign=fd24645f04c7e2418044302829ce02f0&type=album,1702684800,[],[],[],[]
37,37,"–°—Ç–æ–ª–æ–≤—ã–π –Ω–∞–±–æ—Ä
–¶–µ–Ω–∞: 2250—Ä—É–±.
–ê—Ä—Ç: 4640697",1702684800,['–ê—Ä—Ç'],"[Location(–ù–æ–≤–æ–∫—É–π–±—ã—à–µ–≤—Å–∫, –°–∞–º–∞—Ä—Å–∫–∞—è –æ–±–ª–∞—Å—Ç—å, (53.09453, 49.9413, 0.0))]",['NEUTRAL'],"[[('—Ü–µ–Ω–∞ —Ä—É–± –∞—Ä—Ç', 0.8842), ('—Å—Ç–æ–ª–æ–≤—ã–π –Ω–∞–±–æ—Ä —Ü–µ–Ω–∞', 0.8694), ('–Ω–∞–±–æ—Ä —Ü–µ–Ω–∞ —Ä—É–±', 0.8628), ('–Ω–∞–±–æ—Ä —Ü–µ–Ω–∞', 0.8202), ('—Ä—É–± –∞—Ä—Ç', 0.8)]]"
38,38,"–¶–µ–Ω–∞ 860 —Ä—É–±
–†–∞–∑–º–µ—Ä—ã 46-48, 48-50, 50-52, 52-54, 54-56
–ê—Ä—Ç.1-–±-60
–¶–µ–Ω–∞ –∫–æ–º–ø–ª–µ–∫—Ç
–ú—É–∂—Å–∫–∏–µ —Ç—Ä—É—Å—ã
–°–æ—Å—Ç–∞–≤ 100% —Ö–ª–æ–ø–æ–∫
–í –∫–æ–º–ø–ª–µ–∫—Ç–µ 5—à—Ç —Ç—Ä—É—Å—ã + –∫–æ—Ä–æ–±–∫–∞ –≤ –ø–æ–¥–∞—Ä–æ–∫",1702684800,[],[],[],[]
39,39,"–†—É–±–∞—à–∫–∞
–¶–µ–Ω–∞: 2050—Ä—É–±.
–ê—Ä—Ç: –ë-2–ì-38
–†–∞–∑–º–µ—Ä—ã: 46,48,50,52,54
–ú–∞—Ç–µ—Ä–∏–∞–ª: —Ç—Ä–µ—Ö–Ω–∏—Ç–∫–∞
–ê—Ä—Ç: 4581879",1702684800,['–ê—Ä—Ç'],"[Location(–ù–æ–≤–æ–∫—É–π–±—ã—à–µ–≤—Å–∫, –°–∞–º–∞—Ä—Å–∫–∞—è –æ–±–ª–∞—Å—Ç—å, (53.09453, 49.9413, 0.0))]",['NEUTRAL'],"[[('—Ä—É–± –∞—Ä—Ç', 0.7799), ('—Ä—É–±–∞—à–∫–∞ —Ü–µ–Ω–∞ —Ä—É–±', 0.7564), ('—Ü–µ–Ω–∞ —Ä—É–± –∞—Ä—Ç', 0.748), ('—Ä—É–± –∞—Ä—Ç —Ä–∞–∑–º–µ—Ä—ã', 0.7396), ('—Ä—É–±–∞—à–∫–∞ —Ü–µ–Ω–∞', 0.7331)]]"
40,40,"–†–µ–º–µ–Ω—å
–¶–µ–Ω–∞: 550—Ä—É–±.
–ê—Ä—Ç: 23-114
–ú–∞—Ç–µ—Ä–∏–∞–ª: —ç–∫–æ-–∫–æ–∂–∞
–ê—Ä—Ç: 4631401",1702684800,"['–ê—Ä—Ç', '–ê—Ä—Ç']","[Location(–ù–æ–≤–æ–∫—É–π–±—ã—à–µ–≤—Å–∫, –°–∞–º–∞—Ä—Å–∫–∞—è –æ–±–ª–∞—Å—Ç—å, (53.09453, 49.9413, 0.0)), Location(–ù–æ–≤–æ–∫—É–π–±—ã—à–µ–≤—Å–∫, –°–∞–º–∞—Ä—Å–∫–∞—è –æ–±–ª–∞—Å—Ç—å, (53.09453, 49.9413, 0.0))]","['NEUTRAL', 'NEUTRAL']","[[('—Ü–µ–Ω–∞ —Ä—É–± –∞—Ä—Ç', 0.7846), ('—Ä—É–± –∞—Ä—Ç –º–∞—Ç–µ—Ä–∏–∞–ª', 0.7777), ('—Ä—É–± –∞—Ä—Ç', 0.7762), ('—ç–∫–æ –∫–æ–∂–∞ –∞—Ä—Ç', 0.7731), ('–∫–æ–∂–∞ –∞—Ä—Ç', 0.7546)], [('—Ü–µ–Ω–∞ —Ä—É–± –∞—Ä—Ç', 0.7846), ('—Ä—É–± –∞—Ä—Ç –º–∞—Ç–µ—Ä–∏–∞–ª', 0.7777), ('—Ä—É–± –∞—Ä—Ç', 0.7762), ('—ç–∫–æ –∫–æ–∂–∞ –∞—Ä—Ç', 0.7731), ('–∫–æ–∂–∞ –∞—Ä—Ç', 0.7546)]]"
41,41,"–§—É—Ç–±–æ–ª–∫–∞
–¶–µ–Ω–∞: 1200—Ä—É–±.
–ê—Ä—Ç: –ë-2–ì-64
–†–∞–∑–º–µ—Ä—ã: 56,58,60,62,64,66
–ú–∞—Ç–µ—Ä–∏–∞–ª: —Ö–ª–æ–ø–æ–∫
–†–∞–∑–º–µ—Ä–Ω–æ—Å—Ç—å: –±–∞—Ç–∞–ª
–ê—Ä—Ç: 4640592",1702684800,"['–¶–µ–Ω–∞', '–ê—Ä—Ç']","[Location(–ù–æ–≤–æ–∫—É–π–±—ã—à–µ–≤—Å–∫, –°–∞–º–∞—Ä—Å–∫–∞—è –æ–±–ª–∞—Å—Ç—å, (53.09453, 49.9413, 0.0)), Location(–ù–æ–≤–æ–∫—É–π–±—ã—à–µ–≤—Å–∫, –°–∞–º–∞—Ä—Å–∫–∞—è –æ–±–ª–∞—Å—Ç—å, (53.09453, 49.9413, 0.0))]","['NEGATIVE', 'NEGATIVE']","[[('—Ä–∞–∑–º–µ—Ä–Ω–æ—Å—Ç—å –±–∞—Ç–∞–ª –∞—Ä—Ç', 0.7368), ('–±–∞—Ç–∞–ª –∞—Ä—Ç', 0.7306), ('—Ä–∞–∑–º–µ—Ä–Ω–æ—Å—Ç—å –±–∞—Ç–∞–ª', 0.6975), ('—Ä—É–± –∞—Ä—Ç', 0.6913), ('—Ö–ª–æ–ø–æ–∫ —Ä–∞–∑–º–µ—Ä–Ω–æ—Å—Ç—å –±–∞—Ç–∞–ª', 0.6863)], [('—Ä–∞–∑–º–µ—Ä–Ω–æ—Å—Ç—å –±–∞—Ç–∞–ª –∞—Ä—Ç', 0.7368), ('–±–∞—Ç–∞–ª –∞—Ä—Ç', 0.7306), ('—Ä–∞–∑–º–µ—Ä–Ω–æ—Å—Ç—å –±–∞—Ç–∞–ª', 0.6975), ('—Ä—É–± –∞—Ä—Ç', 0.6913), ('—Ö–ª–æ–ø–æ–∫ —Ä–∞–∑–º–µ—Ä–Ω–æ—Å—Ç—å –±–∞—Ç–∞–ª', 0.6863)]]"
42,42,"–ö–æ—Ä—Ä–µ–∫—Ç–∏—Ä—É—é—â–µ–µ –±–µ–ª—å–µ
–¶–µ–Ω–∞: 1450—Ä—É–±.
–ê—Ä—Ç: 2–ê-18/1
–†–∞–∑–º–µ—Ä—ã: L,M,XL
–í—ã–±–æ—Ä —Ü–≤–µ—Ç–∞: —Ä–∞–∑–Ω—ã–µ —Ü–≤–µ—Ç–∞
–ú–∞—Ç–µ—Ä–∏–∞–ª: —Ö–ª–æ–ø–æ–∫
–®–≤—ã: –±–µ–∑ —à–≤–æ–≤
–ê—Ä—Ç: 4625007",1702684800,[],[],[],[]
43,43,"https://vk.com/photo-184814919_478764586
–ê–†–¢ 2–î-22
–∫–æ—Å—Ç—é–º
–¶–µ–Ω–∞: 1100 —Ä—É–±.
–†–∞–∑–º–µ—Ä: 128—Å–º
–¢–∫–∞–Ω—å: —Ö–±",1702684800,"['–¶–µ–Ω–∞', '–¢–∫–∞–Ω—å']","[Location(–ù–æ–≤–æ–∫—É–π–±—ã—à–µ–≤—Å–∫, –°–∞–º–∞—Ä—Å–∫–∞—è –æ–±–ª–∞—Å—Ç—å, (53.09453, 49.9413, 0.0)), Location(–ù–æ–≤–æ–∫—É–π–±—ã—à–µ–≤—Å–∫, –°–∞–º–∞—Ä—Å–∫–∞—è –æ–±–ª–∞—Å—Ç—å, (53.09453, 49.9413, 0.0))]","['NEGATIVE', 'NEGATIVE']","[[('–∫–æ—Å—Ç—é–º —Ü–µ–Ω–∞ —Ä—É–±', 0.7309), ('photo –∞—Ä—Ç –∫–æ—Å—Ç—é–º', 0.728), ('—Ü–µ–Ω–∞ —Ä—É–± —Ä–∞–∑–º–µ—Ä', 0.7221), ('—Ü–µ–Ω–∞ —Ä—É–±', 0.7154), ('—Å–º —Ç–∫–∞–Ω—å —Ö–±', 0.6822)], [('–∫–æ—Å—Ç—é–º —Ü–µ–Ω–∞ —Ä—É–±', 0.7309), ('photo –∞—Ä—Ç –∫–æ—Å—Ç—é–º', 0.728), ('—Ü–µ–Ω–∞ —Ä—É–± —Ä–∞–∑–º–µ—Ä', 0.7221), ('—Ü–µ–Ω–∞ —Ä—É–±', 0.7154), ('—Å–º —Ç–∫–∞–Ω—å —Ö–±', 0.6822)]]"
44,44,"PowerBank
–¶–µ–Ω–∞: 750—Ä—É–±.
–ê—Ä—Ç: 6-06
–ú–∞—Ç–µ—Ä–∏–∞–ª: –ø–ª–∞—Å—Ç–∏–∫
–ê—Ä—Ç: 4636472",1702684800,"['–ê—Ä—Ç', '–ê—Ä—Ç']","[Location(–ù–æ–≤–æ–∫—É–π–±—ã—à–µ–≤—Å–∫, –°–∞–º–∞—Ä—Å–∫–∞—è –æ–±–ª–∞—Å—Ç—å, (53.09453, 49.9413, 0.0)), Location(–ù–æ–≤–æ–∫—É–π–±—ã—à–µ–≤—Å–∫, –°–∞–º–∞—Ä—Å–∫–∞—è –æ–±–ª–∞—Å—Ç—å, (53.09453, 49.9413, 0.0))]","['NEUTRAL', 'NEUTRAL']","[[('powerbank —Ü–µ–Ω–∞ —Ä—É–±', 0.7809), ('powerbank —Ü–µ–Ω–∞', 0.7335), ('—Ü–µ–Ω–∞ —Ä—É–± –∞—Ä—Ç', 0.7145), ('—Ä—É–± –∞—Ä—Ç –º–∞—Ç–µ—Ä–∏–∞–ª', 0.7107), ('—Ä—É–± –∞—Ä—Ç', 0.7061)], [('powerbank —Ü–µ–Ω–∞ —Ä—É–±', 0.7809), ('powerbank —Ü–µ–Ω–∞', 0.7335), ('—Ü–µ–Ω–∞ —Ä—É–± –∞—Ä—Ç', 0.7145), ('—Ä—É–± –∞—Ä—Ç –º–∞—Ç–µ—Ä–∏–∞–ª', 0.7107), ('—Ä—É–± –∞—Ä—Ç', 0.7061)]]"
45,45,"–ö–æ—à–µ–ª–µ–∫
–¶–µ–Ω–∞: 1900—Ä—É–±.
–ú–∞—Ç–µ—Ä–∏–∞–ª: –∫–æ–∂–∞
–ê—Ä—Ç: 4635054",1702684800,[],[],[],[]
46,46,Original: https://derpicdn.net/img/2023/12/15/3261354/large.png,1702684800,[],[],[],[]
47,47,"–ö–æ–ª–≥–æ—Ç–∫–∏
–¶–µ–Ω–∞: 900—Ä—É–±.
–ê—Ä—Ç: 1–ë-77
–†–∞–∑–º–µ—Ä—ã: 98,104,116,128,140
–í —É–ø–∞–∫–æ–≤–∫–µ: 3 —à—Ç
–ú–∞—Ç–µ—Ä–∏–∞–ª: —Ö–ª–æ–ø–æ–∫
–ü—Ä–æ–∏–∑–≤–æ–¥–∏—Ç–µ–ª—å: —Ç—É—Ä—Ü–∏—è",1702684800,['–ü—Ä–æ–∏–∑–≤–æ–¥–∏—Ç–µ–ª—å'],"[Location(–ù–æ–≤–æ–∫—É–π–±—ã—à–µ–≤—Å–∫, –°–∞–º–∞—Ä—Å–∫–∞—è –æ–±–ª–∞—Å—Ç—å, (53.09453, 49.9413, 0.0))]",['NEUTRAL'],"[[('—É–ø–∞–∫–æ–≤–∫–µ —à—Ç –º–∞—Ç–µ—Ä–∏–∞–ª', 0.7149), ('–∫–æ–ª–≥–æ—Ç–∫–∏ —Ü–µ–Ω–∞ —Ä—É–±', 0.7072), ('—Ü–µ–Ω–∞ —Ä—É–± –∞—Ä—Ç', 0.7033), ('—Ä–∞–∑–º–µ—Ä—ã —É–ø–∞–∫–æ–≤–∫–µ —à—Ç', 0.6887), ('—à—Ç –º–∞—Ç–µ—Ä–∏–∞–ª —Ö–ª–æ–ø–æ–∫', 0.6778)]]"
48,48,"–°–≤–∏—Ç–µ—Ä
–¶–µ–Ω–∞: 1430—Ä—É–±.
–†–∞–∑–º–µ—Ä—ã: 48,56,–ï–î–ò–ù–´–ô
–ú–∞—Ç–µ—Ä–∏–∞–ª: —à–µ—Ä—Å—Ç—å
–ê—Ä—Ç: 4637044",1702684800,[],[],[],[]
49,49,"–ú–æ–¥—É–ª—å–Ω–∞—è –∫–∞—Ä—Ç–∏–Ω–∞
–¶–µ–Ω–∞: 1650—Ä—É–±.
–†–∞–∑–º–µ—Ä—ã: 80—Ö125—Å–º
–ê—Ä—Ç: 4608429",1702684800,['—Ö—Å–º\n–ê—Ä—Ç'],"[Location(–ù–æ–≤–æ–∫—É–π–±—ã—à–µ–≤—Å–∫, –°–∞–º–∞—Ä—Å–∫–∞—è –æ–±–ª–∞—Å—Ç—å, (53.09453, 49.9413, 0.0))]",['NEUTRAL'],"[[('—Ä–∞–∑–º–µ—Ä—ã —Ö—Å–º –∞—Ä—Ç', 0.8456), ('—Ö—Å–º –∞—Ä—Ç', 0.7709), ('—Ä—É–± —Ä–∞–∑–º–µ—Ä—ã —Ö—Å–º', 0.7611), ('–∫–∞—Ä—Ç–∏–Ω–∞ —Ü–µ–Ω–∞ —Ä—É–±', 0.7516), ('—Ä–∞–∑–º–µ—Ä—ã —Ö—Å–º', 0.7464)]]"
50,50,"–ê—Ä—Ç.–ê-2–ì-39
–ö–æ—Å—Ç—é–º
–¶–µ–Ω–∞: 2320 –†—É–±–ª—å
–†–∞–∑–º–µ—Ä: 134,140,146,152 —Ä–æ—Å—Ç 
–≤ —Ä–∞–∑–º–µ—Ä

–î–ª—è –∑–∞–∫–∞–∑–∞ –ø–∏—Å–∞—Ç—å –≤ –õ–°.",1702684800,[],[],[],[]
51,51,"–ñ–∏–ª–µ—Ç
–¶–µ–Ω–∞: 2030—Ä—É–±.
–ê—Ä—Ç: –ë-2–î-87
–†–∞–∑–º–µ—Ä—ã: 42,44,46,48
–ú–∞—Ç–µ—Ä–∏–∞–ª: —Ö–æ–ª–ª–æ—Ñ–∞–π–±–µ—Ä
–ê—Ä—Ç: 4635424",1702684800,['–ê—Ä—Ç'],"[Location(–ù–æ–≤–æ–∫—É–π–±—ã—à–µ–≤—Å–∫, –°–∞–º–∞—Ä—Å–∫–∞—è –æ–±–ª–∞—Å—Ç—å, (53.09453, 49.9413, 0.0))]",['NEUTRAL'],"[[('–∂–∏–ª–µ—Ç —Ü–µ–Ω–∞ —Ä—É–±', 0.7912), ('—Ü–µ–Ω–∞ —Ä—É–± –∞—Ä—Ç', 0.7794), ('—Ä—É–± –∞—Ä—Ç', 0.743), ('–º–∞—Ç–µ—Ä–∏–∞–ª —Ö–æ–ª–ª–æ—Ñ–∞–π–±–µ—Ä –∞—Ä—Ç', 0.741), ('—Ö–æ–ª–ª–æ—Ñ–∞–π–±–µ—Ä –∞—Ä—Ç', 0.7381)]]"
52,52,"–¶–µ–Ω–∞: 950—Ä—É–±.
–†–∞–∑–º–µ—Ä—ã: 50,52,54,56,58,60
–ú–∞—Ç–µ—Ä–∏–∞–ª: –ª–∞–ø—à–∞
–ê—Ä—Ç: 4622368",1702684800,['–ê—Ä—Ç'],"[Location(–ù–æ–≤–æ–∫—É–π–±—ã—à–µ–≤—Å–∫, –°–∞–º–∞—Ä—Å–∫–∞—è –æ–±–ª–∞—Å—Ç—å, (53.09453, 49.9413, 0.0))]",['NEUTRAL'],"[[('—Ä–∞–∑–º–µ—Ä—ã –º–∞—Ç–µ—Ä–∏–∞–ª –ª–∞–ø—à–∞', 0.769), ('–º–∞—Ç–µ—Ä–∏–∞–ª –ª–∞–ø—à–∞ –∞—Ä—Ç', 0.7652), ('–ª–∞–ø—à–∞ –∞—Ä—Ç', 0.7613), ('–º–∞—Ç–µ—Ä–∏–∞–ª –ª–∞–ø—à–∞', 0.747), ('—Ü–µ–Ω–∞ —Ä—É–± —Ä–∞–∑–º–µ—Ä—ã', 0.7246)]]"
53,53,"–¶–µ–Ω–∞: 900—Ä—É–±.
–ê—Ä—Ç: 4640266",1702684800,['–ê—Ä—Ç'],"[Location(–ù–æ–≤–æ–∫—É–π–±—ã—à–µ–≤—Å–∫, –°–∞–º–∞—Ä—Å–∫–∞—è –æ–±–ª–∞—Å—Ç—å, (53.09453, 49.9413, 0.0))]",['NEUTRAL'],"[[('—Ü–µ–Ω–∞ —Ä—É–± –∞—Ä—Ç', 0.9493), ('—Ü–µ–Ω–∞ —Ä—É–±', 0.8914), ('—Ä—É–± –∞—Ä—Ç', 0.8342), ('—Ü–µ–Ω–∞', 0.8202), ('–∞—Ä—Ç', 0.7014)]]"
54,54,"–ê—Ä—Ç –∞-1–≥-82
–¥–≤–æ–π–∫–∞
–†–∞–∑–º–µ—Ä—ã 56,58
–î–ª–∏–Ω–∞ –∫–æ—Ñ—Ç—ã - 75
–î–ª–∏–Ω–∞ –±—Ä—é–∫ - 103
–¢–∫–∞–Ω—å —Ç—Ä–∏–∫–æ—Ç–∞–∂
–¶–µ–Ω–∞ 3340  (–æ–∫–æ–Ω—á–∞—Ç–µ–ª—å–Ω–∞—è) —Ä—É–±.",1702684800,[],[],[],[]
55,55,Original: https://img3.gelbooru.com/images/71/07/71075394228bd57660b3ca2496a4820a.jpg,1702684800,[],[],[],[]
56,56,Original: https://sun9-21.userapi.com/c909228/u237415460/d47/-3/y_a1b2ba9560.jpg,1702684800,[],[],[],[]
57,57,"–¢—Ä—É—Å—ã
–¶–µ–Ω–∞: 850—Ä—É–±.
–ê—Ä—Ç: 1–ë-20
–†–∞–∑–º–µ—Ä—ã: 42,44,46,48
–ê—Ä—Ç: 4639382",1702684800,"['–ê—Ä—Ç', '–ê—Ä—Ç']","[Location(–ù–æ–≤–æ–∫—É–π–±—ã—à–µ–≤—Å–∫, –°–∞–º–∞—Ä—Å–∫–∞—è –æ–±–ª–∞—Å—Ç—å, (53.09453, 49.9413, 0.0)), Location(–ù–æ–≤–æ–∫—É–π–±—ã—à–µ–≤—Å–∫, –°–∞–º–∞—Ä—Å–∫–∞—è –æ–±–ª–∞—Å—Ç—å, (53.09453, 49.9413, 0.0))]","['NEUTRAL', 'NEUTRAL']","[[('—Ü–µ–Ω–∞ —Ä—É–± –∞—Ä—Ç', 0.7819), ('—Ä—É–± –∞—Ä—Ç', 0.7655), ('—Ç—Ä—É—Å—ã —Ü–µ–Ω–∞ —Ä—É–±', 0.7626), ('—Ä—É–± –∞—Ä—Ç —Ä–∞–∑–º–µ—Ä—ã', 0.7518), ('—Ü–µ–Ω–∞ —Ä—É–±', 0.7234)], [('—Ü–µ–Ω–∞ —Ä—É–± –∞—Ä—Ç', 0.7819), ('—Ä—É–± –∞—Ä—Ç', 0.7655), ('—Ç—Ä—É—Å—ã —Ü–µ–Ω–∞ —Ä—É–±', 0.7626), ('—Ä—É–± –∞—Ä—Ç —Ä–∞–∑–º–µ—Ä—ã', 0.7518), ('—Ü–µ–Ω–∞ —Ä—É–±', 0.7234)]]"
58,58,"https://vk.com/photo-184814919_478941928
–ê–†–¢:–°–¢6-45;–ë-2–î-100
–∂–∏–ª–µ—Ç–∫–∞
–¶–µ–Ω–∞: 600 —Ä—É–±.
–†–∞–∑–º–µ—Ä: –µ–¥–∏–Ω—ã–π, –ø–æ–¥—Ö–æ–¥–∏—Ç –Ω–∞ 42-50
–¢–∫–∞–Ω—å: –∫–∞—à–µ–º–∏—Ä",1702684800,"['–¶–µ–Ω–∞', '–¢–∫–∞–Ω—å']","[Location(–ù–æ–≤–æ–∫—É–π–±—ã—à–µ–≤—Å–∫, –°–∞–º–∞—Ä—Å–∫–∞—è –æ–±–ª–∞—Å—Ç—å, (53.09453, 49.9413, 0.0)), Location(–ù–æ–≤–æ–∫—É–π–±—ã—à–µ–≤—Å–∫, –°–∞–º–∞—Ä—Å–∫–∞—è –æ–±–ª–∞—Å—Ç—å, (53.09453, 49.9413, 0.0))]","['NEUTRAL', 'NEUTRAL']","[[('photo –∞—Ä—Ç', 0.7264), ('com photo –∞—Ä—Ç', 0.7211), ('photo –∞—Ä—Ç —Å—Ç', 0.7171), ('–ø–æ–¥—Ö–æ–¥–∏—Ç —Ç–∫–∞–Ω—å –∫–∞—à–µ–º–∏—Ä', 0.6638), ('—Ä—É–± —Ä–∞–∑–º–µ—Ä –µ–¥–∏–Ω—ã–π', 0.6613)], [('photo –∞—Ä—Ç', 0.7264), ('com photo –∞—Ä—Ç', 0.7211), ('photo –∞—Ä—Ç —Å—Ç', 0.7171), ('–ø–æ–¥—Ö–æ–¥–∏—Ç —Ç–∫–∞–Ω—å –∫–∞—à–µ–º–∏—Ä', 0.6638), ('—Ä—É–± —Ä–∞–∑–º–µ—Ä –µ–¥–∏–Ω—ã–π', 0.6613)]]"
59,59,"–¶–µ–Ω–∞: 640—Ä—É–±.
–†–∞–∑–º–µ—Ä—ã: 128,134,140,146,152
–ú–∞—Ç–µ—Ä–∏–∞–ª: —Ö–ª–æ–ø–æ–∫
–ê—Ä—Ç: 4639279",1702684800,[],[],[],[]
60,60,"–ü–∏–∂–∞–º–∞
–¶–µ–Ω–∞: 950—Ä—É–±.
–†–∞–∑–º–µ—Ä—ã: 92,98,104,110,116
–†–∞–∑–º–µ—Ä–Ω–æ—Å—Ç—å: –≤ —Ä–∞–∑–º–µ—Ä
–ê—Ä—Ç: 4638383",1702684800,[],[],[],[]
61,61,"–¢—É–Ω–∏–∫–∞
–¶–µ–Ω–∞: 2250—Ä—É–±.
–ê—Ä—Ç: 2–ì-38
–†–∞–∑–º–µ—Ä—ã: 42,52,–ï–î–ò–ù–´–ô
–î–ª–∏–Ω–∞: 85—Å–º
–ú–∞—Ç–µ—Ä–∏–∞–ª: —Ö–ª–æ–ø–æ–∫
–ê—Ä—Ç: 4639895",1702684800,['–ê—Ä—Ç'],"[Location(–ù–æ–≤–æ–∫—É–π–±—ã—à–µ–≤—Å–∫, –°–∞–º–∞—Ä—Å–∫–∞—è –æ–±–ª–∞—Å—Ç—å, (53.09453, 49.9413, 0.0))]",['NEUTRAL'],"[[('—Ü–µ–Ω–∞ —Ä—É–± –∞—Ä—Ç', 0.725), ('—Ä—É–± –∞—Ä—Ç', 0.7238), ('—Ä—É–± –∞—Ä—Ç —Ä–∞–∑–º–µ—Ä—ã', 0.7034), ('–º–∞—Ç–µ—Ä–∏–∞–ª —Ö–ª–æ–ø–æ–∫ –∞—Ä—Ç', 0.6857), ('—Ö–ª–æ–ø–æ–∫ –∞—Ä—Ç', 0.6783)]]"
62,62,"–ê–ª–º–∞–∑–Ω–∞—è –º–æ–∑–∞–∏–∫–∞
–¶–µ–Ω–∞: 950—Ä—É–±.
–ê—Ä—Ç: 8-05
–†–∞–∑–º–µ—Ä—ã: 40—Ö50—Å–º
–°—Ç—Ä–∞–∑—ã: –∞–∫—Ä–∏–ª–æ–≤—ã–µ
–ê—Ä—Ç: 4602502",1702684800,"['–ê—Ä—Ç', '–ê—Ä—Ç']","[Location(–ù–æ–≤–æ–∫—É–π–±—ã—à–µ–≤—Å–∫, –°–∞–º–∞—Ä—Å–∫–∞—è –æ–±–ª–∞—Å—Ç—å, (53.09453, 49.9413, 0.0)), Location(–ù–æ–≤–æ–∫—É–π–±—ã—à–µ–≤—Å–∫, –°–∞–º–∞—Ä—Å–∫–∞—è –æ–±–ª–∞—Å—Ç—å, (53.09453, 49.9413, 0.0))]","['NEUTRAL', 'NEUTRAL']","[[('—Ä—É–± –∞—Ä—Ç —Ä–∞–∑–º–µ—Ä—ã', 0.7701), ('–∞—Ä—Ç —Ä–∞–∑–º–µ—Ä—ã', 0.7515), ('—Å—Ç—Ä–∞–∑—ã –∞–∫—Ä–∏–ª–æ–≤—ã–µ –∞—Ä—Ç', 0.7436), ('—Ü–µ–Ω–∞ —Ä—É–± –∞—Ä—Ç', 0.7256), ('–∞–ª–º–∞–∑–Ω–∞—è –º–æ–∑–∞–∏–∫–∞ —Ü–µ–Ω–∞', 0.7131)], [('—Ä—É–± –∞—Ä—Ç —Ä–∞–∑–º–µ—Ä—ã', 0.7701), ('–∞—Ä—Ç —Ä–∞–∑–º–µ—Ä—ã', 0.7515), ('—Å—Ç—Ä–∞–∑—ã –∞–∫—Ä–∏–ª–æ–≤—ã–µ –∞—Ä—Ç', 0.7436), ('—Ü–µ–Ω–∞ —Ä—É–± –∞—Ä—Ç', 0.7256), ('–∞–ª–º–∞–∑–Ω–∞—è –º–æ–∑–∞–∏–∫–∞ —Ü–µ–Ω–∞', 0.7131)]]"
63,63,"–¶–µ–Ω–∞: 500—Ä—É–±.
–ê—Ä—Ç: 1–î-01/1–£
–†–∞–∑–º–µ—Ä—ã: 41-47
–ú–∞—Ç–µ—Ä–∏–∞–ª: —Ö–ª–æ–ø–æ–∫
–ê—Ä—Ç: 4635621",1702684800,"['–ê—Ä—Ç', '–ê—Ä—Ç']","[Location(–ù–æ–≤–æ–∫—É–π–±—ã—à–µ–≤—Å–∫, –°–∞–º–∞—Ä—Å–∫–∞—è –æ–±–ª–∞—Å—Ç—å, (53.09453, 49.9413, 0.0)), Location(–ù–æ–≤–æ–∫—É–π–±—ã—à–µ–≤—Å–∫, –°–∞–º–∞—Ä—Å–∫–∞—è –æ–±–ª–∞—Å—Ç—å, (53.09453, 49.9413, 0.0))]","['NEUTRAL', 'NEUTRAL']","[[('—Ü–µ–Ω–∞ —Ä—É–± –∞—Ä—Ç', 0.771), ('—Ä—É–± –∞—Ä—Ç —Ä–∞–∑–º–µ—Ä—ã', 0.7532), ('—Ä—É–± –∞—Ä—Ç', 0.753), ('–∞—Ä—Ç —Ä–∞–∑–º–µ—Ä—ã', 0.7374), ('–∞—Ä—Ç —Ä–∞–∑–º–µ—Ä—ã –º–∞—Ç–µ—Ä–∏–∞–ª', 0.7272)], [('—Ü–µ–Ω–∞ —Ä—É–± –∞—Ä—Ç', 0.771), ('—Ä—É–± –∞—Ä—Ç —Ä–∞–∑–º–µ—Ä—ã', 0.7532), ('—Ä—É–± –∞—Ä—Ç', 0.753), ('–∞—Ä—Ç —Ä–∞–∑–º–µ—Ä—ã', 0.7374), ('–∞—Ä—Ç —Ä–∞–∑–º–µ—Ä—ã –º–∞—Ç–µ—Ä–∏–∞–ª', 0.7272)]]"
64,64,"–ö–æ—Å—Ç—é–º
–¶–µ–Ω–∞: 1500—Ä—É–±.
–ê—Ä—Ç: –ë-2–í-57
–†–∞–∑–º–µ—Ä—ã: 50,52,54,56,58,60
–î–æ–ø. –æ–ø—Ü–∏—è: –∫–∞–ø—é—à–æ–Ω
–ú–∞—Ç–µ—Ä–∏–∞–ª: –∞–Ω–≥–æ—Ä–∞
–†–∞–∑–º–µ—Ä–Ω–æ—Å—Ç—å: –≤ —Ä–∞–∑–º–µ—Ä
–ê—Ä—Ç: 4635943",1702684800,[],[],[],[]
65,65,"–¶–µ–Ω–∞: 955
–ê–†–¢:2–í-08
—Ä—É–±–∞—à–∫–∞
–†–∞–∑–º–µ—Ä: 42 44 46 48 50 52
–¢–∫–∞–Ω—å: —à–µ—Ä—Å—Ç—å",1702684800,[],[],[],[]
66,66,"–ü–æ—Å—Ç–µ–ª—å–Ω–æ–µ –±–µ–ª—å–µ
–¶–µ–Ω–∞: 1500—Ä—É–±.
–†–∞–∑–º–µ—Ä—ã: –ï–í–†–û
–ú–∞—Ç–µ—Ä–∏–∞–ª: —Å–∞—Ç–∏–Ω, —Ö–ª–æ–ø–æ–∫
–ê—Ä—Ç: 4637106",1702684800,[],[],[],[]
67,67,–û–ø—ã—Ç–Ω—ã–µ —Å—Ç–∏–ª–∏—Å—Ç—ã –≤ —ç—Ç–æ–º –ø—Ä–∏–ª–æ–∂–µ–Ω–∏–∏ –ø–æ–º–æ–≥–ª–∏ –º–Ω–µ –ø–æ–¥–æ–±—Ä–∞—Ç—å –Ω–æ–≤—ã–π –∏–º–∏–¥–∂ - https://vk.com/app51781225,1702684800,[],[],[],[]
68,68,"–õ–æ—Å–∏–Ω—ã
–¶–µ–Ω–∞: 750—Ä—É–±.
–†–∞–∑–º–µ—Ä—ã: 122,128,134,140,146,152
–ü—Ä–æ–∏–∑–≤–æ–¥–∏—Ç–µ–ª—å: —Ç—É—Ä—Ü–∏—è
–ê—Ä—Ç: 4638516",1702684800,['–ê—Ä—Ç'],"[Location(–ù–æ–≤–æ–∫—É–π–±—ã—à–µ–≤—Å–∫, –°–∞–º–∞—Ä—Å–∫–∞—è –æ–±–ª–∞—Å—Ç—å, (53.09453, 49.9413, 0.0))]",['NEUTRAL'],"[[('–ª–æ—Å–∏–Ω—ã —Ü–µ–Ω–∞ —Ä—É–±', 0.7385), ('–ø—Ä–æ–∏–∑–≤–æ–¥–∏—Ç–µ–ª—å —Ç—É—Ä—Ü–∏—è –∞—Ä—Ç', 0.7103), ('—Ä–∞–∑–º–µ—Ä—ã –ø—Ä–æ–∏–∑–≤–æ–¥–∏—Ç–µ–ª—å —Ç—É—Ä—Ü–∏—è', 0.7019), ('—Ç—É—Ä—Ü–∏—è –∞—Ä—Ç', 0.6915), ('—Ü–µ–Ω–∞ —Ä—É–± —Ä–∞–∑–º–µ—Ä—ã', 0.6913)]]"
69,69,"–¶–µ–Ω–∞: 2550—Ä—É–±.
–ê—Ä—Ç: 2–ë-35
–†–∞–∑–º–µ—Ä—ã: 44,46,48,50,52,54,56
–ê—Ä—Ç: 4605604",1702684800,[],[],[],[]
70,70,"–ö–æ–ª–≥–æ—Ç–∫–∏
–¶–µ–Ω–∞: 830—Ä—É–±.
–†–∞–∑–º–µ—Ä—ã: 86,92,98,104,116,128
–í —É–ø–∞–∫–æ–≤–∫–µ: 6 —à—Ç
–í—ã–±–æ—Ä —Ü–≤–µ—Ç–∞: —Ä–∞–∑–Ω—ã–µ —Ü–≤–µ—Ç–∞
–ú–∞—Ç–µ—Ä–∏–∞–ª: —Ö–ª–æ–ø–æ–∫
–ù–∞—á–µ—Å: –±–µ–∑ –Ω–∞—á–µ—Å–∞
–ê—Ä—Ç: 4622153",1702684800,['–ê—Ä—Ç'],"[Location(–ù–æ–≤–æ–∫—É–π–±—ã—à–µ–≤—Å–∫, –°–∞–º–∞—Ä—Å–∫–∞—è –æ–±–ª–∞—Å—Ç—å, (53.09453, 49.9413, 0.0))]",['NEUTRAL'],"[[('—Ü–≤–µ—Ç–∞ —Ä–∞–∑–Ω—ã–µ —Ü–≤–µ—Ç–∞', 0.7622), ('–≤—ã–±–æ—Ä —Ü–≤–µ—Ç–∞ —Ä–∞–∑–Ω—ã–µ', 0.7614), ('—Ä–∞–∑–Ω—ã–µ —Ü–≤–µ—Ç–∞ –º–∞—Ç–µ—Ä–∏–∞–ª', 0.7438), ('—Ä–∞–∑–Ω—ã–µ —Ü–≤–µ—Ç–∞', 0.7438), ('—Ü–≤–µ—Ç–∞ –º–∞—Ç–µ—Ä–∏–∞–ª —Ö–ª–æ–ø–æ–∫', 0.7421)]]"
71,71,"–õ–µ–≥–≥–∏–Ω—Å—ã
–¶–µ–Ω–∞: 1000—Ä—É–±.
–ê—Ä—Ç: –ë-2–í-57
–†–∞–∑–º–µ—Ä—ã: 44,46,48,50,52
–ù–∞—á–µ—Å: —Å –Ω–∞—á–µ—Å–æ–º
–ê—Ä—Ç: 4635962",1702684800,"['–ê—Ä—Ç', '–ê—Ä—Ç']","[Location(–ù–æ–≤–æ–∫—É–π–±—ã—à–µ–≤—Å–∫, –°–∞–º–∞—Ä—Å–∫–∞—è –æ–±–ª–∞—Å—Ç—å, (53.09453, 49.9413, 0.0)), Location(–ù–æ–≤–æ–∫—É–π–±—ã—à–µ–≤—Å–∫, –°–∞–º–∞—Ä—Å–∫–∞—è –æ–±–ª–∞—Å—Ç—å, (53.09453, 49.9413, 0.0))]","['NEGATIVE', 'NEGATIVE']","[[('—Ü–µ–Ω–∞ —Ä—É–± –∞—Ä—Ç', 0.7498), ('—Ä—É–± –∞—Ä—Ç —Ä–∞–∑–º–µ—Ä—ã', 0.7292), ('–ª–µ–≥–≥–∏–Ω—Å—ã —Ü–µ–Ω–∞ —Ä—É–±', 0.7276), ('—Ä—É–± –∞—Ä—Ç', 0.7262), ('—Ü–µ–Ω–∞ —Ä—É–±', 0.6941)], [('—Ü–µ–Ω–∞ —Ä—É–± –∞—Ä—Ç', 0.7498), ('—Ä—É–± –∞—Ä—Ç —Ä–∞–∑–º–µ—Ä—ã', 0.7292), ('–ª–µ–≥–≥–∏–Ω—Å—ã —Ü–µ–Ω–∞ —Ä—É–±', 0.7276), ('—Ä—É–± –∞—Ä—Ç', 0.7262), ('—Ü–µ–Ω–∞ —Ä—É–±', 0.6941)]]"
72,72,Original: https://live.staticflickr.com/65535/53353776563_66f3cae830_k.jpg,1702684800,[],[],[],[]
73,73,"—à–≤–∞–±—Ä–∞ 
—à–≤–∞–±—Ä–∞ —Å –ø—Ä–æ—Å—Ç—ã–º –∏ —ç—Ñ—Ñ–µ–∫—Ç–∏–≤–Ω—ã–º –º–µ—Ö–∞–Ω–∏–∑–º–æ–º –æ—Ç–∂–∏–º–∞. –æ–¥–Ω–∏–º –¥–≤–∏–∂–µ–Ω–∏–µ–º –ª–æ–ø–∞—Å—Ç–∏ —à–≤–∞–±—Ä—ã —Å–∫–ª–∞–¥—ã–≤–∞—é—Ç—Å—è, –Ω–∞—Å–∞–¥–∫–∞ —Å–∫—Ä—É—á–∏–≤–∞–µ—Ç—Å—è –∏ –æ—Ç–∂–∏–º–∞–µ—Ç—Å—è. —É–≤–µ–ª–∏—á–µ–Ω–Ω–∞—è —á–∏—Å—Ç—è—â–∞—è –ø–æ–≤–µ—Ä—Ö–Ω–æ—Å—Ç—å –∏ –æ–±—Ç–µ–∫–∞–µ–º—ã–µ —Ñ–æ—Ä–º—ã, —É–≥–æ–ª –ø–æ–≤–æ—Ä–æ—Ç–∞ 360 –≥—Ä–∞–¥—É—Å–æ–≤, –Ω–∞—Å–∞–¥–∫–∞ –∏–∑ –º–∏–∫—Ä–æ—Ñ–∏–±—Ä—ã, –∫–æ—Ç–æ—Ä–∞—è —Å–æ–±–∏—Ä–∞–µ—Ç –ø—ã–ª—å, –≤–æ–ª–æ—Å—ã, –æ—á–µ–Ω—å –±—ã—Å—Ç—Ä–æ –≤–ø–∏—Ç—ã–≤–∞–µ—Ç –∂–∏–¥–∫–æ—Å—Ç–∏, –Ω–µ –æ—Å—Ç–∞–≤–ª—è–µ—Ç —Ä–∞–∑–≤–æ–¥–æ–≤, –Ω–µ —Ü–∞—Ä–∞–ø–∞–µ—Ç –ø–æ–ª. –≤—Å—ë —ç—Ç–æ –ø–æ–∑–≤–æ–ª—è–µ—Ç –±—ã—Å—Ç—Ä–æ –∏ –∫–∞—á–µ—Å—Ç–≤–µ–Ω–Ω–æ —Å–¥–µ–ª–∞—Ç—å —É–±–æ—Ä–∫—É. 
—Ü–µ–Ω–∞: 570 —Ä—É–±  
 –∞—Ä—Ç–∏–∫—É–ª: 4913918",1702684800,[],[],[],[]
74,74,"–ò —è —Ä–µ—à–∏–ª –æ–∫—É–Ω—É—Ç—å—Å—è –≤ —Å–∫–∞–∑–∫—É, –ø—Ä–∞–≤–¥–∞ –∫–ª–∞—Å—Å–Ω–æ? –ü–æ–ø—Ä–æ–±—É–π—Ç–µ —Å–∞–º–∏ - https://vk.com/app51748213#newyear",1702684800,[],[],[],[]
75,75,"–ü–∞–ª—å—Ç–æ
–¶–µ–Ω–∞: 3700—Ä—É–±.
–†–∞–∑–º–µ—Ä—ã: 42,44,46,48
–î–ª–∏–Ω–∞: 110—Å–º
–ú–∞—Ç–µ—Ä–∏–∞–ª: –∫–∞—à–µ–º–∏—Ä",1702684800,[],[],[],[]
76,76,"–†–∏—Å–æ–≤–∞–Ω–∏–µ
–¶–µ–Ω–∞: 650—Ä—É–±.
–†–∞–∑–º–µ—Ä—ã: 40—Ö50—Å–º
–î–æ–ø. –æ–ø—Ü–∏—è: —Å –ø–æ–¥—Ä–∞–º–Ω–∏–∫–æ–º",1702684800,[],[],[],[]
77,77,"–ö–æ—Å—Ç—é–º —Ç—Ä–æ–π–∫–∞ , 
–¶–µ–Ω–∞:2700‚ÇΩ —Ä—É–± 
–°–ø–æ—Ä—Ç–∏–≤–Ω—ã–µ —Ç—Ä–æ–π–∫–∏
–ü–æ–ª—É—á–∏–ª–∏ –∫–æ—Å—Ç—é–º—ã —Ç—Ä–æ–π–∫–∏
–û—Ç–ª–∏—á–Ω–æ–≥–æ –∫–∞—á–µ—Å—Ç–≤–∞
–¢–∫–∞–Ω—å: –±–∞–º–±—É–∫
–†–∞–∑–º–µ—Ä: —á–µ—Ä–Ω—ã–π, –≥—Ä–∞—Ñ–∏—Ç–æ–≤—ã–π, –∫–æ—Ä–∏—á–Ω–µ–≤—ã–π –∏ –±–∞–∫–ª–∞–∂–∞–Ω–æ–≤—ã–π 
S 42-44 M 46-48
–†–æ–∑–æ–≤—ã–π –∏ —Å–µ—Ä—ã–π –ú-44 —Ç–æ–ª—å–∫–æ –æ—Å—Ç–∞–ª–∏—Å—å",1702684800,['S - M'],"[Location(–ù–æ–≤–æ–∫—É–π–±—ã—à–µ–≤—Å–∫, –°–∞–º–∞—Ä—Å–∫–∞—è –æ–±–ª–∞—Å—Ç—å, (53.09453, 49.9413, 0.0))]",['NEUTRAL'],"[[('–∫–æ—Ä–∏—á–Ω–µ–≤—ã–π –±–∞–∫–ª–∞–∂–∞–Ω–æ–≤—ã–π —Ä–æ–∑–æ–≤—ã–π', 0.65), ('—Ä–∞–∑–º–µ—Ä —á–µ—Ä–Ω—ã–π –≥—Ä–∞—Ñ–∏—Ç–æ–≤—ã–π', 0.6322), ('–≥—Ä–∞—Ñ–∏—Ç–æ–≤—ã–π –∫–æ—Ä–∏—á–Ω–µ–≤—ã–π –±–∞–∫–ª–∞–∂–∞–Ω–æ–≤—ã–π', 0.6315), ('—Ä–æ–∑–æ–≤—ã–π —Å–µ—Ä—ã–π', 0.6128), ('–±–∞–∫–ª–∞–∂–∞–Ω–æ–≤—ã–π —Ä–æ–∑–æ–≤—ã–π —Å–µ—Ä—ã–π', 0.6118)]]"
78,78,"–î—É–±–ª–µ–Ω–∫–∞
–¶–µ–Ω–∞: 2450—Ä—É–±.
–†–∞–∑–º–µ—Ä—ã: 44,46,48,50
–î–ª–∏–Ω–∞: 70—Å–º
–ú–∞—Ç–µ—Ä–∏–∞–ª: –∏—Å–∫—É—Å—Ç–≤–µ–Ω–Ω—ã–π –º–µ—Ö, —ç–∫–æ-–∫–æ–∂–∞
–†–∞–∑–º–µ—Ä–Ω–æ—Å—Ç—å: –≤ —Ä–∞–∑–º–µ—Ä
–°–µ–∑–æ–Ω: –∑–∏–º–∞
–ê—Ä—Ç: 4640705",1702684800,[],[],[],[]
79,79,"–ë—é—Å—Ç–≥–∞–ª—å—Ç–µ—Ä
–¶–µ–Ω–∞: 600—Ä—É–±.
–†–∞–∑–º–µ—Ä—ã: –ï–¥–∏–Ω—ã–π (42-48)
–ú–∞—Ç–µ—Ä–∏–∞–ª: –±–µ–∑ –ø–∞—Ä–∞–ª–æ–Ω–∞
–®–≤—ã: –±–µ–∑ —à–≤–æ–≤
–ê—Ä—Ç: 4628467",1702684800,[],[],[],[]
80,80,"–†–µ–º–µ–Ω—å
–¶–µ–Ω–∞: 400—Ä—É–±.
–ê—Ä—Ç: –ë2-4-13–ê
–í —É–ø–∞–∫–æ–≤–∫–µ: 10 —à—Ç
–ú–∞—Ç–µ—Ä–∏–∞–ª: —ç–∫–æ-–∫–æ–∂–∞
–ê—Ä—Ç: 4636339",1702684800,['–ê—Ä—Ç'],"[Location(–ù–æ–≤–æ–∫—É–π–±—ã—à–µ–≤—Å–∫, –°–∞–º–∞—Ä—Å–∫–∞—è –æ–±–ª–∞—Å—Ç—å, (53.09453, 49.9413, 0.0))]",['NEGATIVE'],"[[('—Ü–µ–Ω–∞ —Ä—É–± –∞—Ä—Ç', 0.7366), ('—Ä—É–± –∞—Ä—Ç', 0.7335), ('—Ä—É–± –∞—Ä—Ç —É–ø–∞–∫–æ–≤–∫–µ', 0.7118), ('–∞—Ä—Ç —É–ø–∞–∫–æ–≤–∫–µ —à—Ç', 0.6851), ('—Ä–µ–º–µ–Ω—å —Ü–µ–Ω–∞ —Ä—É–±', 0.6804)]]"
81,81,Mai Shiranui.,1702684800,[],[],[],[]
82,82,"–Æ–±–∫–∞
–¶–µ–Ω–∞: 1450—Ä—É–±.
–ê—Ä—Ç: 1–ë-20
–†–∞–∑–º–µ—Ä—ã: 42,44,46,48
–ú–∞—Ç–µ—Ä–∏–∞–ª: –ø–æ–ª–∏–∞–º–∏–¥
–ê—Ä—Ç: 4639376",1702684800,['–ê—Ä—Ç'],"[Location(–ù–æ–≤–æ–∫—É–π–±—ã—à–µ–≤—Å–∫, –°–∞–º–∞—Ä—Å–∫–∞—è –æ–±–ª–∞—Å—Ç—å, (53.09453, 49.9413, 0.0))]",['NEGATIVE'],"[[('—Ü–µ–Ω–∞ —Ä—É–± –∞—Ä—Ç', 0.7741), ('—é–±–∫–∞ —Ü–µ–Ω–∞ —Ä—É–±', 0.7602), ('—Ä—É–± –∞—Ä—Ç', 0.7427), ('—Ü–µ–Ω–∞ —Ä—É–±', 0.713), ('—Ä—É–± –∞—Ä—Ç —Ä–∞–∑–º–µ—Ä—ã', 0.71)]]"
83,83,"–ü–ª–∞—Ç—å–µ
–¶–µ–Ω–∞: 2650—Ä—É–±.
–†–∞–∑–º–µ—Ä—ã: 48,50,52,54
–ú–∞—Ç–µ—Ä–∏–∞–ª: —Ç—Ä–∏–∫–æ—Ç–∞–∂",1702684800,[],[],[],[]
84,84,"–°–≤–∏—Ç–µ—Ä
–¶–µ–Ω–∞: 1800—Ä—É–±.
–†–∞–∑–º–µ—Ä—ã: –ï–¥–∏–Ω—ã–π (42-48)
–î–ª–∏–Ω–∞: 48—Å–º
–ú–∞—Ç–µ—Ä–∏–∞–ª: –∞–Ω–≥–æ—Ä–∞, —à–µ—Ä—Å—Ç—å",1702684800,[],[],[],[]
85,85,Original: https://i.postimg.cc/hPVVt6Jv/photo-2023-12-15-22-25-07.jpg,1702684800,[],[],[],[]
86,86,"–¶–µ–Ω–∞: 1200—Ä—É–±.
–†–∞–∑–º–µ—Ä—ã: 42,44,46,48
–î–ª–∏–Ω–∞: 125—Å–º
–ú–∞—Ç–µ—Ä–∏–∞–ª: –ø—Ä–∞–¥–æ
–ê—Ä—Ç: 4636860",1702684800,['–ø—Ä–∞–¥–æ\n–ê—Ä—Ç'],"[Location(–ù–æ–≤–æ–∫—É–π–±—ã—à–µ–≤—Å–∫, –°–∞–º–∞—Ä—Å–∫–∞—è –æ–±–ª–∞—Å—Ç—å, (53.09453, 49.9413, 0.0))]",['NEUTRAL'],"[[('—Ü–µ–Ω–∞ —Ä—É–± —Ä–∞–∑–º–µ—Ä—ã', 0.7724), ('—Ü–µ–Ω–∞ —Ä—É–±', 0.716), ('—Ä—É–± —Ä–∞–∑–º–µ—Ä—ã –¥–ª–∏–Ω–∞', 0.7036), ('—Ä–∞–∑–º–µ—Ä—ã –¥–ª–∏–Ω–∞ —Å–º', 0.7016), ('—Å–º –º–∞—Ç–µ—Ä–∏–∞–ª –ø—Ä–∞–¥–æ', 0.6998)]]"
87,87,"–¶–µ–Ω–∞: 1650—Ä—É–±.
–†–∞–∑–º–µ—Ä—ã: 42,44,46,48
–ú–∞—Ç–µ—Ä–∏–∞–ª: –≤–µ–ª—å–≤–µ—Ç
–ê—Ä—Ç: 4635445",1702684800,[],[],[],[]
88,88,"–¢–æ–ª—Å—Ç–æ–≤–∫–∞
–¶–µ–Ω–∞: 510—Ä—É–±.
–ê—Ä—Ç: 1–ë-77
–†–∞–∑–º–µ—Ä—ã: 98,104,110,116,122
–ú–∞—Ç–µ—Ä–∏–∞–ª: —Ö–ª–æ–ø–æ–∫
–ê—Ä—Ç: 4638514",1702684800,['–ê—Ä—Ç'],"[Location(–ù–æ–≤–æ–∫—É–π–±—ã—à–µ–≤—Å–∫, –°–∞–º–∞—Ä—Å–∫–∞—è –æ–±–ª–∞—Å—Ç—å, (53.09453, 49.9413, 0.0))]",['NEUTRAL'],"[[('—Ü–µ–Ω–∞ —Ä—É–± –∞—Ä—Ç', 0.7481), ('—Ä—É–± –∞—Ä—Ç', 0.7295), ('–º–∞—Ç–µ—Ä–∏–∞–ª —Ö–ª–æ–ø–æ–∫ –∞—Ä—Ç', 0.7082), ('—Ä—É–± –∞—Ä—Ç —Ä–∞–∑–º–µ—Ä—ã', 0.7049), ('—Ç–æ–ª—Å—Ç–æ–≤–∫–∞ —Ü–µ–Ω–∞ —Ä—É–±', 0.7011)]]"
89,89,"–¶–µ–Ω–∞: 2400—Ä—É–±.
–†–∞–∑–º–µ—Ä—ã: 48,50,52,54
–ú–∞—Ç–µ—Ä–∏–∞–ª: —Ç—Ä–∏–∫–æ—Ç–∞–∂",1702684800,[],[],[],[]
90,90,Original: https://live.staticflickr.com/65535/53352679127_5561f457bd_k.jpg,1702684800,[],[],[],[]
91,91,"–ú–∞–π–∫–∞ –∏ —Ç—Ä—É—Å—ã
–¶–µ–Ω–∞: 400—Ä—É–±.
–†–∞–∑–º–µ—Ä—ã: 122,128,134,140,146
–ú–∞—Ç–µ—Ä–∏–∞–ª: —Ö–ª–æ–ø–æ–∫
–ü—Ä–æ–∏–∑–≤–æ–¥–∏—Ç–µ–ª—å: —É–∑–±–µ–∫–∏—Å—Ç–∞–Ω
–†–∞–∑–º–µ—Ä–Ω–æ—Å—Ç—å: –≤ —Ä–∞–∑–º–µ—Ä
–ê—Ä—Ç: 4639315",1702684800,['–ê—Ä—Ç'],"[Location(–ù–æ–≤–æ–∫—É–π–±—ã—à–µ–≤—Å–∫, –°–∞–º–∞—Ä—Å–∫–∞—è –æ–±–ª–∞—Å—Ç—å, (53.09453, 49.9413, 0.0))]",['NEUTRAL'],"[[('—Ä—É–± —Ä–∞–∑–º–µ—Ä—ã –º–∞—Ç–µ—Ä–∏–∞–ª', 0.6915), ('—Ä–∞–∑–º–µ—Ä—ã –º–∞—Ç–µ—Ä–∏–∞–ª', 0.6717), ('—Ä–∞–∑–º–µ—Ä—ã –º–∞—Ç–µ—Ä–∏–∞–ª —Ö–ª–æ–ø–æ–∫', 0.6597), ('—Ä—É–± —Ä–∞–∑–º–µ—Ä—ã', 0.6502), ('—Ä–∞–∑–º–µ—Ä', 0.6475)]]"
92,92,"–®—Ç–∞–Ω—ã
–¶–µ–Ω–∞: 590—Ä—É–±.
–ê—Ä—Ç: 2–ë-33
–†–∞–∑–º–µ—Ä—ã: 44,46,48,50,52,54,56,58,60,62
–ú–∞—Ç–µ—Ä–∏–∞–ª: —Ä–∏–ø—Å—Ç–æ–ø
–†–∞–∑–º–µ—Ä–Ω–æ—Å—Ç—å: –≤ —Ä–∞–∑–º–µ—Ä
–ê—Ä—Ç: 4631619",1702684800,['–ê—Ä—Ç'],"[Location(–ù–æ–≤–æ–∫—É–π–±—ã—à–µ–≤—Å–∫, –°–∞–º–∞—Ä—Å–∫–∞—è –æ–±–ª–∞—Å—Ç—å, (53.09453, 49.9413, 0.0))]",['NEGATIVE'],"[[('—Ä—É–± –∞—Ä—Ç', 0.7484), ('—Ä—É–± –∞—Ä—Ç —Ä–∞–∑–º–µ—Ä—ã', 0.7447), ('—Ü–µ–Ω–∞ —Ä—É–± –∞—Ä—Ç', 0.7229), ('–∞—Ä—Ç —Ä–∞–∑–º–µ—Ä—ã', 0.714), ('—à—Ç–∞–Ω—ã —Ü–µ–Ω–∞ —Ä—É–±', 0.7104)]]"
93,93,"–ì–∏—Ä–ª—è–Ω–¥–∞
–¶–µ–Ω–∞: 1250—Ä—É–±.
–ê—Ä—Ç: 6-05
–ê—Ä—Ç: 4640695
https://vk.com/wall-173619157_40424",1702684800,"['–ê—Ä—Ç', '–ê—Ä—Ç']","[Location(–ù–æ–≤–æ–∫—É–π–±—ã—à–µ–≤—Å–∫, –°–∞–º–∞—Ä—Å–∫–∞—è –æ–±–ª–∞—Å—Ç—å, (53.09453, 49.9413, 0.0)), Location(–ù–æ–≤–æ–∫—É–π–±—ã—à–µ–≤—Å–∫, –°–∞–º–∞—Ä—Å–∫–∞—è –æ–±–ª–∞—Å—Ç—å, (53.09453, 49.9413, 0.0))]","['NEGATIVE', 'NEGATIVE']","[[('–≥–∏—Ä–ª—è–Ω–¥–∞ —Ü–µ–Ω–∞ —Ä—É–±', 0.8024), ('—Ü–µ–Ω–∞ —Ä—É–± –∞—Ä—Ç', 0.7882), ('—Ä—É–± –∞—Ä—Ç', 0.7588), ('—Ä—É–± –∞—Ä—Ç –∞—Ä—Ç', 0.7449), ('–≥–∏—Ä–ª—è–Ω–¥–∞ —Ü–µ–Ω–∞', 0.7388)], [('–≥–∏—Ä–ª—è–Ω–¥–∞ —Ü–µ–Ω–∞ —Ä—É–±', 0.8024), ('—Ü–µ–Ω–∞ —Ä—É–± –∞—Ä—Ç', 0.7882), ('—Ä—É–± –∞—Ä—Ç', 0.7588), ('—Ä—É–± –∞—Ä—Ç –∞—Ä—Ç', 0.7449), ('–≥–∏—Ä–ª—è–Ω–¥–∞ —Ü–µ–Ω–∞', 0.7388)]]"
94,94,"–ö–æ—Å—Ç—é–º
–¶–µ–Ω–∞: 1700—Ä—É–±.
–ê—Ä—Ç: 27-56
–†–∞–∑–º–µ—Ä—ã: 42,44,46,48,50,52
–ú–∞—Ç–µ—Ä–∏–∞–ª: –ª–∞–ø—à–∞
–ü—Ä–æ–∏–∑–≤–æ–¥–∏—Ç–µ–ª—å: —Ç—É—Ä—Ü–∏—è
–ê—Ä—Ç: 4636237",1702684800,['–ê—Ä—Ç'],"[Location(–ù–æ–≤–æ–∫—É–π–±—ã—à–µ–≤—Å–∫, –°–∞–º–∞—Ä—Å–∫–∞—è –æ–±–ª–∞—Å—Ç—å, (53.09453, 49.9413, 0.0))]",['NEUTRAL'],"[[('—Ü–µ–Ω–∞ —Ä—É–± –∞—Ä—Ç', 0.7607), ('—Ä—É–± –∞—Ä—Ç', 0.7571), ('—Ä—É–± –∞—Ä—Ç —Ä–∞–∑–º–µ—Ä—ã', 0.7386), ('–∞—Ä—Ç —Ä–∞–∑–º–µ—Ä—ã', 0.6938), ('–∞—Ä—Ç —Ä–∞–∑–º–µ—Ä—ã –º–∞—Ç–µ—Ä–∏–∞–ª', 0.6894)]]"
95,95,"–õ–æ—Å–∏–Ω—ã
–¶–µ–Ω–∞: 250—Ä—É–±.
–†–∞–∑–º–µ—Ä—ã: 152,158,164
–ú–∞—Ç–µ—Ä–∏–∞–ª: –ø–æ–ª–∏–∞–º–∏–¥, —Ö–ª–æ–ø–æ–∫
–¢—è–Ω—É—Ç—Å—è: —Ç—è–Ω–µ—Ç—Å—è
–ê—Ä—Ç: 4640704",1702684800,['–ê—Ä—Ç'],"[Location(–ù–æ–≤–æ–∫—É–π–±—ã—à–µ–≤—Å–∫, –°–∞–º–∞—Ä—Å–∫–∞—è –æ–±–ª–∞—Å—Ç—å, (53.09453, 49.9413, 0.0))]",['NEUTRAL'],"[[('—Ç—è–Ω—É—Ç—Å—è —Ç—è–Ω–µ—Ç—Å—è –∞—Ä—Ç', 0.6909), ('–ø–æ–ª–∏–∞–º–∏–¥ —Ö–ª–æ–ø–æ–∫ —Ç—è–Ω—É—Ç—Å—è', 0.6768), ('–ª–æ—Å–∏–Ω—ã —Ü–µ–Ω–∞ —Ä—É–±', 0.6669), ('—Ç—è–Ω–µ—Ç—Å—è –∞—Ä—Ç', 0.6601), ('–ª–æ—Å–∏–Ω—ã —Ü–µ–Ω–∞', 0.6289)]]"
96,96,"–ö–æ—Å—Ç—é–º –¥–≤–æ–π–∫–∞
–¶–µ–Ω–∞: 1269—Ä—É–±.
–ê—Ä—Ç: 2–ì-25
–†–∞–∑–º–µ—Ä—ã: 42,44,46,48
–ú–∞—Ç–µ—Ä–∏–∞–ª: –ª–∞–ø—à–∞
–ê—Ä—Ç: 4597472",1702684800,['–ê—Ä—Ç'],"[Location(–ù–æ–≤–æ–∫—É–π–±—ã—à–µ–≤—Å–∫, –°–∞–º–∞—Ä—Å–∫–∞—è –æ–±–ª–∞—Å—Ç—å, (53.09453, 49.9413, 0.0))]",['NEGATIVE'],"[[('–º–∞—Ç–µ—Ä–∏–∞–ª –ª–∞–ø—à–∞ –∞—Ä—Ç', 0.7475), ('–ª–∞–ø—à–∞ –∞—Ä—Ç', 0.7329), ('—Ä—É–± –∞—Ä—Ç', 0.7308), ('—Ä—É–± –∞—Ä—Ç —Ä–∞–∑–º–µ—Ä—ã', 0.7211), ('—Ä–∞–∑–º–µ—Ä—ã –º–∞—Ç–µ—Ä–∏–∞–ª –ª–∞–ø—à–∞', 0.7083)]]"
97,97,"–ö–æ—Å—Ç—é–º
–¶–µ–Ω–∞: 8150—Ä—É–±.
–†–∞–∑–º–µ—Ä—ã: 42,44,46,48,50,52
–°–µ–∑–æ–Ω: –∑–∏–º–∞
–ê—Ä—Ç: 4596991",1702684800,[],[],[],[]
98,98,"–®–∞–ø–∫–∞
–¶–µ–Ω–∞: 700—Ä—É–±.
–†–∞–∑–º–µ—Ä—ã: 10-80 –ª–µ—Ç
–ú–∞—Ç–µ—Ä–∏–∞–ª: —Ñ–ª–∏—Å, —Ö–ª–æ–ø–æ–∫",1702684800,[],[],[],[]
99,99,"–ë–ª—É–∑–∫–∞
–¶–µ–Ω–∞: 850—Ä—É–±.
–†–∞–∑–º–µ—Ä—ã: 42,44,46,48,50,52
–ú–∞—Ç–µ—Ä–∏–∞–ª: –ø—Ä–∞–¥–æ",1702684800,[],[],[],[]
100,100,"–ö–æ—Å—Ç—é–º
–¶–µ–Ω–∞: 1500—Ä—É–±.
–†–∞–∑–º–µ—Ä—ã: 50,52,54,56,58,60
–î–æ–ø. –æ–ø—Ü–∏—è: –∫–∞–ø—é—à–æ–Ω
–ú–∞—Ç–µ—Ä–∏–∞–ª: –∞–Ω–≥–æ—Ä–∞
–†–∞–∑–º–µ—Ä–Ω–æ—Å—Ç—å: –≤ —Ä–∞–∑–º–µ—Ä
–ê—Ä—Ç: 4635943",1702684800,[],[],[],[]
101,101,Original: https://sun9-22.userapi.com/impg/bYrLARz345V4KRHXeX0Wx45CpwBS3A48q-v2rw/khw3eTimx24.jpg?size=720x645&quality=96&sign=7e70273c5f82eb6ec9ec266f2556a3c8&type=album,1702684800,[],[],[],[]
102,102,"–†—É–±–∞—à–∫–∞
–¶–µ–Ω–∞: 800—Ä—É–±.
–ê—Ä—Ç: 2–î-100
–†–∞–∑–º–µ—Ä—ã: 128,134,140,146,152
–ú–∞—Ç–µ—Ä–∏–∞–ª: –ø–æ–ª–∏—ç—Å—Ç–µ—Ä
–ê—Ä—Ç: 4639303",1702684800,['–ê—Ä—Ç'],"[Location(–ù–æ–≤–æ–∫—É–π–±—ã—à–µ–≤—Å–∫, –°–∞–º–∞—Ä—Å–∫–∞—è –æ–±–ª–∞—Å—Ç—å, (53.09453, 49.9413, 0.0))]",['NEUTRAL'],"[[('—Ä—É–± –∞—Ä—Ç', 0.7824), ('—Ä—É–± –∞—Ä—Ç —Ä–∞–∑–º–µ—Ä—ã', 0.7763), ('—Ü–µ–Ω–∞ —Ä—É–± –∞—Ä—Ç', 0.7592), ('—Ä—É–±–∞—à–∫–∞ —Ü–µ–Ω–∞ —Ä—É–±', 0.7525), ('—Ä—É–±–∞—à–∫–∞ —Ü–µ–Ω–∞', 0.7266)]]"
103,103,"–ì–∏—Ä–ª—è–Ω–¥–∞
–¶–µ–Ω–∞: 350—Ä—É–±.
–ê—Ä—Ç: 4637333",1702684800,['–ê—Ä—Ç'],"[Location(–ù–æ–≤–æ–∫—É–π–±—ã—à–µ–≤—Å–∫, –°–∞–º–∞—Ä—Å–∫–∞—è –æ–±–ª–∞—Å—Ç—å, (53.09453, 49.9413, 0.0))]",['NEUTRAL'],"[[('–≥–∏—Ä–ª—è–Ω–¥–∞ —Ü–µ–Ω–∞ —Ä—É–±', 0.924), ('—Ü–µ–Ω–∞ —Ä—É–± –∞—Ä—Ç', 0.8935), ('–≥–∏—Ä–ª—è–Ω–¥–∞ —Ü–µ–Ω–∞', 0.8712), ('—Ä—É–± –∞—Ä—Ç', 0.8136), ('—Ü–µ–Ω–∞ —Ä—É–±', 0.799)]]"
104,104,Original: https://sun9-75.userapi.com/impg/IlrFWuzhqU5IQOf7Xr_BzFYrPn5VSw9YDtBuRA/AEK2oeeO5KU.jpg?size=675x1200&quality=95&sign=f4c78115b79a40c0eb38a4f51d8a713c&type=album,1702684800,[],[],[],[]
105,105,–í –º–æ–µ–º —Å–µ—Ä–¥—Ü–µ ‚Äì –º–∞–ª–µ–Ω—å–∫–∏–π –ø—Ä–∞–∑–¥–Ω–∏–∫! –ó–∞—Å–ª—É–∂–∏–ª–∞ —Å–µ—Ä–¥–µ—á–∫–æ –º–µ–∂–¥—É –ø—Ä–æ—á–∏–º). –°–æ–∑–¥–∞–ª–∞ —Ç—É—Ç - https://vk.com/app51748213#newyear,1702684800,[],[],[],[]
106,106,Original: https://sun9-64.userapi.com/impg/3NycF8_Fr2z09IESeFVfowRu9BgNcHjMJIYueg/lFotpfdjbA0.jpg?size=2249x1080&quality=96&sign=a7844aa4c8ca666fbfa66cbb362a7321&type=album,1702684800,[],[],[],[]
107,107,"–¶–µ–Ω–∞: 3700—Ä—É–±.
–†–∞–∑–º–µ—Ä—ã: 80,86,92,98,104
–ú–∞—Ç–µ—Ä–∏–∞–ª: –º–µ–º–±—Ä–∞–Ω–∞, —Ö–æ–ª–ª–æ—Ñ–∞–π–±–µ—Ä
–ê—Ä—Ç: 4618381",1702684800,[],[],[],[]
108,108,"–¶–µ–Ω–∞: 650—Ä—É–±.
–†–∞–∑–º–µ—Ä—ã: 58,60,62",1702684800,[],[],[],[]
109,109,"–ú–∞—Å—Å–∞–∂–µ—Ä
–¶–µ–Ω–∞: 900—Ä—É–±.
–†–∞–∑–º–µ—Ä—ã: 175—Ö35—Å–º
–î–æ–ø. –æ–ø—Ü–∏—è: –æ—Ä—Ç–æ–ø–µ–¥–∏—á–µ—Å–∫–∞—è —Å–ø–∏–Ω–∫–∞
–ú–∞—Ç–µ—Ä–∏–∞–ª: –ª–∞—Ç–µ–∫—Å",1702684800,[],[],[],[]
110,110,"–®–∞–ø–∫–∞ –∏ —Ö–æ–º—É—Ç
–¶–µ–Ω–∞: 1250—Ä—É–±.
–°–µ–∑–æ–Ω: –∑–∏–º–∞",1702684800,['–¶–µ–Ω–∞'],"[Location(–ù–æ–≤–æ–∫—É–π–±—ã—à–µ–≤—Å–∫, –°–∞–º–∞—Ä—Å–∫–∞—è –æ–±–ª–∞—Å—Ç—å, (53.09453, 49.9413, 0.0))]",['NEGATIVE'],"[[('—à–∞–ø–∫–∞ —Ö–æ–º—É—Ç —Ü–µ–Ω–∞', 0.8264), ('—Ö–æ–º—É—Ç —Ü–µ–Ω–∞ —Ä—É–±', 0.7836), ('—Ö–æ–º—É—Ç —Ü–µ–Ω–∞', 0.7651), ('—à–∞–ø–∫–∞ —Ö–æ–º—É—Ç', 0.7571), ('—Ä—É–± —Å–µ–∑–æ–Ω –∑–∏–º–∞', 0.749)]]"
111,111,"–¶–µ–Ω–∞: 3350—Ä—É–±.
–†–∞–∑–º–µ—Ä—ã: 50,52,54,56,58,60
–ê—Ä—Ç: 4640655",1702684800,[],[],[],[]
112,112,"–Ω–æ–≤–∏–Ω–∫–∏
–∑–∞–∫–æ–ª–∫–∞ 100 —Ä—É–±
–ø–æ—Å—Ä–µ–¥–Ω–∏–∫–∞–º 100 —Ä—É–±
  –≤–∞—Ç—Å–∞–ø
—Ç—Ü —Å–∞–¥–æ–≤–æ–¥, –∫–æ—Ä–ø—É—Å –±
2 —ç—Ç–∞–∂ - —Ä—è–¥ –≤ - –º–µ—Å—Ç–æ 92 –∏–ª 89
–ê—Ä—Ç: 4596458",1702684800,['–ê—Ä—Ç'],"[Location(–ù–æ–≤–æ–∫—É–π–±—ã—à–µ–≤—Å–∫, –°–∞–º–∞—Ä—Å–∫–∞—è –æ–±–ª–∞—Å—Ç—å, (53.09453, 49.9413, 0.0))]",['NEGATIVE'],"[[('–∑–∞–∫–æ–ª–∫–∞ —Ä—É–± –ø–æ—Å—Ä–µ–¥–Ω–∏–∫–∞–º', 0.8022), ('–ø–æ—Å—Ä–µ–¥–Ω–∏–∫–∞–º —Ä—É–± –≤–∞—Ç—Å–∞–ø', 0.8005), ('–Ω–æ–≤–∏–Ω–∫–∏ –∑–∞–∫–æ–ª–∫–∞ —Ä—É–±', 0.7867), ('–ø–æ—Å—Ä–µ–¥–Ω–∏–∫–∞–º —Ä—É–±', 0.7758), ('—Ä—É–± –ø–æ—Å—Ä–µ–¥–Ω–∏–∫–∞–º', 0.7633)]]"
113,113,"–ú–∞—Ä–∫–µ—Ä
–¶–µ–Ω–∞: 700—Ä—É–±.
–ê—Ä—Ç: 4612191",1702684800,['–ê—Ä—Ç'],"[Location(–ù–æ–≤–æ–∫—É–π–±—ã—à–µ–≤—Å–∫, –°–∞–º–∞—Ä—Å–∫–∞—è –æ–±–ª–∞—Å—Ç—å, (53.09453, 49.9413, 0.0))]",['NEUTRAL'],"[[('—Ü–µ–Ω–∞ —Ä—É–± –∞—Ä—Ç', 0.9195), ('–º–∞—Ä–∫–µ—Ä —Ü–µ–Ω–∞ —Ä—É–±', 0.9109), ('–º–∞—Ä–∫–µ—Ä —Ü–µ–Ω–∞', 0.8589), ('—Ä—É–± –∞—Ä—Ç', 0.8297), ('—Ü–µ–Ω–∞ —Ä—É–±', 0.8295)]]"
114,114,"–¶–µ–Ω–∞: 2350—Ä—É–±.
–ê—Ä—Ç: 2–ì-25
–†–∞–∑–º–µ—Ä—ã: 50,52,54,56
–ê—Ä—Ç: 4627280",1702684800,"['–ê—Ä—Ç', '–ê—Ä—Ç']","[Location(–ù–æ–≤–æ–∫—É–π–±—ã—à–µ–≤—Å–∫, –°–∞–º–∞—Ä—Å–∫–∞—è –æ–±–ª–∞—Å—Ç—å, (53.09453, 49.9413, 0.0)), Location(–ù–æ–≤–æ–∫—É–π–±—ã—à–µ–≤—Å–∫, –°–∞–º–∞—Ä—Å–∫–∞—è –æ–±–ª–∞—Å—Ç—å, (53.09453, 49.9413, 0.0))]","['NEUTRAL', 'NEUTRAL']","[[('—Ü–µ–Ω–∞ —Ä—É–± –∞—Ä—Ç', 0.8182), ('—Ä—É–± –∞—Ä—Ç', 0.7979), ('—Ä—É–± –∞—Ä—Ç —Ä–∞–∑–º–µ—Ä—ã', 0.7842), ('–∞—Ä—Ç —Ä–∞–∑–º–µ—Ä—ã', 0.7638), ('—Ä–∞–∑–º–µ—Ä—ã –∞—Ä—Ç', 0.7489)], [('—Ü–µ–Ω–∞ —Ä—É–± –∞—Ä—Ç', 0.8182), ('—Ä—É–± –∞—Ä—Ç', 0.7979), ('—Ä—É–± –∞—Ä—Ç —Ä–∞–∑–º–µ—Ä—ã', 0.7842), ('–∞—Ä—Ç —Ä–∞–∑–º–µ—Ä—ã', 0.7638), ('—Ä–∞–∑–º–µ—Ä—ã –∞—Ä—Ç', 0.7489)]]"
115,115,"–ü–æ–ª–æ—Ç–µ–Ω—Ü–µ
–¶–µ–Ω–∞: 300—Ä—É–±.
–†–∞–∑–º–µ—Ä—ã: 35—Ö75—Å–º,70—Ö140—Å–º
–ú–∞—Ç–µ—Ä–∏–∞–ª: –º–∏–∫—Ä–æ—Ñ–∏–±—Ä–∞",1702684800,[],[],[],[]
116,116,"–®–æ—Ä—Ç—ã
–¶–µ–Ω–∞: 955—Ä—É–±.
–†–∞–∑–º–µ—Ä—ã: 48,50,52,54
–í —É–ø–∞–∫–æ–≤–∫–µ: 4 —à—Ç
–ú–∞—Ç–µ—Ä–∏–∞–ª: —Ö–ª–æ–ø–æ–∫
–†–∞–∑–º–µ—Ä–Ω–æ—Å—Ç—å: –≤ —Ä–∞–∑–º–µ—Ä",1702684800,[],[],[],[]
117,117,Original: https://sun9-17.userapi.com/impg/ksC6U_IGDND81gUcKrXGLkQQa-l91oPkuwim9Q/RuAfQeHX4Og.jpg?size=686x720&quality=96&sign=545f754abbf3201900db69110a3bbaa6&type=album,1702684800,[],[],[],[]
118,118,"–®—Ç–∞–Ω—ã
–¶–µ–Ω–∞: 1150—Ä—É–±.
–†–∞–∑–º–µ—Ä—ã: 46,48,50,52,54,56,58,60
–ú–∞—Ç–µ—Ä–∏–∞–ª: —ç–ª–∞—Å—Ç–∞–Ω
–†–∞–∑–º–µ—Ä–Ω–æ—Å—Ç—å: –≤ —Ä–∞–∑–º–µ—Ä
–ê—Ä—Ç: 4636650",1702684800,['–ê—Ä—Ç'],"[Location(–ù–æ–≤–æ–∫—É–π–±—ã—à–µ–≤—Å–∫, –°–∞–º–∞—Ä—Å–∫–∞—è –æ–±–ª–∞—Å—Ç—å, (53.09453, 49.9413, 0.0))]",['NEUTRAL'],"[[('—à—Ç–∞–Ω—ã —Ü–µ–Ω–∞ —Ä—É–±', 0.7569), ('—Ü–µ–Ω–∞ —Ä—É–± —Ä–∞–∑–º–µ—Ä—ã', 0.7497), ('—Ä—É–± —Ä–∞–∑–º–µ—Ä—ã', 0.7117), ('—Ä—É–± —Ä–∞–∑–º–µ—Ä—ã –º–∞—Ç–µ—Ä–∏–∞–ª', 0.7102), ('—Ä–∞–∑–º–µ—Ä –∞—Ä—Ç', 0.7088)]]"
119,119,"–ö–æ—Å—Ç—é–º –¥–≤–æ–π–∫–∞
–¶–µ–Ω–∞: 1200—Ä—É–±.
–ê—Ä—Ç: 27-60
–†–∞–∑–º–µ—Ä—ã: 50,52,54,56,58,60
–ú–∞—Ç–µ—Ä–∏–∞–ª: –ª–∞–π—Ç
–ê—Ä—Ç: 4639408",1702684800,['–ê—Ä—Ç'],"[Location(–ù–æ–≤–æ–∫—É–π–±—ã—à–µ–≤—Å–∫, –°–∞–º–∞—Ä—Å–∫–∞—è –æ–±–ª–∞—Å—Ç—å, (53.09453, 49.9413, 0.0))]",['NEGATIVE'],"[[('—Ä—É–± –∞—Ä—Ç', 0.7677), ('—Ü–µ–Ω–∞ —Ä—É–± –∞—Ä—Ç', 0.758), ('—Ä—É–± –∞—Ä—Ç —Ä–∞–∑–º–µ—Ä—ã', 0.7546), ('–ª–∞–π—Ç –∞—Ä—Ç', 0.7367), ('–º–∞—Ç–µ—Ä–∏–∞–ª –ª–∞–π—Ç –∞—Ä—Ç', 0.7288)]]"
120,120,Original: https://sun9-11.userapi.com/impg/W1sWKqKGxMavaclQC68BvZnqaJCAXnhXxmaqWQ/BmBoOWf-wU8.jpg?size=736x981&quality=95&sign=ef3f6112972ee09c9262462a0a4b71fb&type=album,1702684800,[],[],[],[]
121,121,"–∞—Ä—Ç:2-–≥-35
–¶–µ–Ω–∞: 400   
–†–∞–∑–º–µ—Ä: 7 –ª–µ—Ç –¥–æ –≤–∑—Ä–æ—Å–ª—ã–π
–®–∞–ø–∫–∞
 
 
–≤—è–∑–∞–Ω—ã–µ –≤–Ω—É—Ç—Ä–∏ —Ñ–ª–∏—Å
 
–ó–∏–º–∞
[club123895059|–í—ã–≥—Ä—É–∂–µ–Ω–æ —Å –ø–æ–º–æ—â—å—é –ü–∞—Ä—Å–µ—Ä.–ü–ª—é—Å]",1702684800,[],[],[],[]
122,122,"–ü–ª–∞—Ç—å–µ
–¶–µ–Ω–∞: 1200—Ä—É–±.
–ê—Ä—Ç: –ë-2–í-11
–†–∞–∑–º–µ—Ä—ã: 44,46,48,50,52,54
–ú–∞—Ç–µ—Ä–∏–∞–ª: –≤–µ–ª—é—Ä, –≥–∏–ø—é—Ä
–§–∞—Å–æ–Ω: —Ç—Ä–∞–ø–µ—Ü–∏—è
–ê—Ä—Ç: 4634916",1702684800,['—Ç—Ä–∞–ø–µ—Ü–∏—è\n–ê—Ä—Ç'],"[Location(–ù–æ–≤–æ–∫—É–π–±—ã—à–µ–≤—Å–∫, –°–∞–º–∞—Ä—Å–∫–∞—è –æ–±–ª–∞—Å—Ç—å, (53.09453, 49.9413, 0.0))]",['NEGATIVE'],"[[('—Ü–µ–Ω–∞ —Ä—É–± –∞—Ä—Ç', 0.7568), ('—Ä—É–± –∞—Ä—Ç', 0.7266), ('–ø–ª–∞—Ç—å–µ —Ü–µ–Ω–∞ —Ä—É–±', 0.7169), ('—Ä—É–± –∞—Ä—Ç —Ä–∞–∑–º–µ—Ä—ã', 0.6935), ('—Ü–µ–Ω–∞ —Ä—É–±', 0.6737)]]"
123,123,"–ö–æ–ª–≥–æ—Ç–∫–∏
–¶–µ–Ω–∞: 1150—Ä—É–±.
–†–∞–∑–º–µ—Ä—ã: 42,46,48,54,56,60,–ï–î–ò–ù–´–ô
–ú–∞—Ç–µ—Ä–∏–∞–ª: —Å—Ç—Ä–µ–π—á
–ù–∞—á–µ—Å: —Å –Ω–∞—á–µ—Å–æ–º
–ê—Ä—Ç: 4635902",1702684800,[],[],[],[]
124,124,Original: https://sun9-15.userapi.com/impg/iuA-5-OqQhzWdZWEhTVaZdZUwFLu_FVelB_HLA/DrkRE6GYDGw.jpg?size=354x720&quality=96&sign=b299f7c7cabe606451f56e1d56d9aad6&type=album,1702684800,[],[],[],[]
125,125,"–ü–ª–∞—Ç—å–µ
–¶–µ–Ω–∞: 1950—Ä—É–±.
–ê—Ä—Ç: 27-65
–†–∞–∑–º–µ—Ä—ã: 46,48,50,52,54,56
–î–æ–ø. –æ–ø—Ü–∏—è: –ø–∞–π–µ—Ç–∫–∏
–†–∞–∑–º–µ—Ä–Ω–æ—Å—Ç—å: –≤ —Ä–∞–∑–º–µ—Ä
–ê—Ä—Ç: 4631384",1702684800,['–ê—Ä—Ç'],"[Location(–ù–æ–≤–æ–∫—É–π–±—ã—à–µ–≤—Å–∫, –°–∞–º–∞—Ä—Å–∫–∞—è –æ–±–ª–∞—Å—Ç—å, (53.09453, 49.9413, 0.0))]",['NEGATIVE'],"[[('—Ü–µ–Ω–∞ —Ä—É–± –∞—Ä—Ç', 0.7519), ('–ø–ª–∞—Ç—å–µ —Ü–µ–Ω–∞ —Ä—É–±', 0.7444), ('—Ä—É–± –∞—Ä—Ç —Ä–∞–∑–º–µ—Ä—ã', 0.7431), ('—Ä—É–± –∞—Ä—Ç', 0.7283), ('—Ä–∞–∑–º–µ—Ä –∞—Ä—Ç', 0.7127)]]"
126,126,"–£–≥–≥–∏
–¶–µ–Ω–∞: 2100—Ä—É–±.
–†–∞–∑–º–µ—Ä—ã: 41,42,43,44,45,46
–†–∞–∑–º–µ—Ä–Ω–æ—Å—Ç—å: –º–∞–ª–æ–º–µ—Ä
–°–µ–∑–æ–Ω: –∑–∏–º–∞
–ê—Ä—Ç: 4638770",1702684800,[],[],[],[]
127,127,"–°–ø–æ—Ä—Ç–∏–≤–Ω—ã–π –∫–æ—Å—Ç—é–º
–¶–µ–Ω–∞: 1850—Ä—É–±.
–†–∞–∑–º–µ—Ä—ã: 64,66,68,70
–ü–æ–¥–∫–ª–∞–¥–∫–∞: —Ñ–ª–∏—Å
–†–∞–∑–º–µ—Ä–Ω–æ—Å—Ç—å: –±–∞—Ç–∞–ª",1702684800,[],[],[],[]
128,128,"–¢—É–Ω–∏–∫–∞
–¶–µ–Ω–∞: 2550—Ä—É–±.
–†–∞–∑–º–µ—Ä—ã: 42,52,–ï–î–ò–ù–´–ô
–î–ª–∏–Ω–∞: 85—Å–º
–ú–∞—Ç–µ—Ä–∏–∞–ª: —Ö–ª–æ–ø–æ–∫",1702684800,[],[],[],[]
129,129,"–¶–µ–Ω–∞: 4300—Ä—É–±.
–î–æ–ø. –æ–ø—Ü–∏—è: –ø—ã–ª—å–Ω–∏–∫ –≤ –∫–æ–º–ø–ª–µ–∫—Ç–µ
–ú–∞—Ç–µ—Ä–∏–∞–ª: —ç–∫–æ-–∫–æ–∂–∞
–ê—Ä—Ç: 4638666",1702684800,[],[],[],[]
130,130,Original: https://sun9-50.userapi.com/impg/0KFpazJZqqycCJqxGovV8oEir6StljKlJfvqww/3rzPMZbZ4MA.jpg?size=720x692&quality=96&sign=5e3bb9a31f1efd4d7a1ebc125d594023&type=album,1702684800,[],[],[],[]
131,131,"–¶–µ–Ω–∞: 550—Ä—É–±.
–ê—Ä—Ç: 4595134",1702684800,['–ê—Ä—Ç'],"[Location(–ù–æ–≤–æ–∫—É–π–±—ã—à–µ–≤—Å–∫, –°–∞–º–∞—Ä—Å–∫–∞—è –æ–±–ª–∞—Å—Ç—å, (53.09453, 49.9413, 0.0))]",['NEUTRAL'],"[[('—Ü–µ–Ω–∞ —Ä—É–± –∞—Ä—Ç', 0.9493), ('—Ü–µ–Ω–∞ —Ä—É–±', 0.8914), ('—Ä—É–± –∞—Ä—Ç', 0.8342), ('—Ü–µ–Ω–∞', 0.8202), ('–∞—Ä—Ç', 0.7014)]]"
132,132,"–¶–µ–Ω–∞ 70 —Ä—É–±
–∞—Ä—Ç:8-56
–ù–∞–±–æ—Ä –º–∏–ª—ã—Ö –¥–µ—Ç—Å–∫–∏—Ö —Ä–µ–∑–∏–Ω–∫–∏ –¥–ª—è –≤–æ–ª–æ—Å
–ö–æ–º–ø–ª–µ–∫—Ç 3—à—Ç
–ó–∞ –Ω–∞–±–æ—Ä",1702684800,[],[],[],[]
133,133,,1702684800,[],[],[],[]
134,134,"–ü–ª–∞—Ç—å–µ
–¶–µ–Ω–∞: 1760—Ä—É–±.
–†–∞–∑–º–µ—Ä—ã: 68,74,80,86,92,98
–ú–∞—Ç–µ—Ä–∏–∞–ª: –ø–æ–ª–∏—ç—Å—Ç–µ—Ä, —Ö–ª–æ–ø–æ–∫
–ê—Ä—Ç: 4637674",1702684800,[],[],[],[]
135,135,"–†–∞–∑–º–µ—Ä—ã: 44,46,48,50,52,54
–ú–∞—Ç–µ—Ä–∏–∞–ª: —Ö–æ–ª–ª–æ—Ñ–∞–π–±–µ—Ä
–ü–æ–¥–∫–ª–∞–¥–∫–∞: —Ñ–ª–∏—Å",1702684800,[],[],[],[]
136,136,"–¶–µ–Ω–∞: 1500—Ä—É–±.
–†–∞–∑–º–µ—Ä—ã: 22,23,24,25,26,27
–ú–∞—Ç–µ—Ä–∏–∞–ª: —ç–∫–æ-–∫–æ–∂–∞
–ê—Ä—Ç: 4638971",1702684800,[],[],[],[]
137,137,Original: https://img5tv.cdnvideo.ru/webp/shared/files/202312/1_1871494.jpg,1702684800,[],[],[],[]
138,138,Original: https://sun9-68.userapi.com/impg/TpWx058O2WQiXFRf__SAwTMGqPAzPjx5P7M9zg/H1gdB1A7pak.jpg?size=750x1334&quality=95&sign=e00a39803d8860aa6d534fdfb16538c5&type=album,1702684800,[],[],[],[]
139,139,"–¶–µ–Ω–∞: 2850—Ä—É–±.
–†–∞–∑–º–µ—Ä—ã: 44,46,48,50,52
–ú–∞—Ç–µ—Ä–∏–∞–ª: –±–∞–º–±—É–∫",1702684800,[],[],[],[]
140,140,"–¶–µ–Ω–∞: 1500—Ä—É–±.
–†–∞–∑–º–µ—Ä—ã: 54,56,58,60,62,64
–ê—Ä—Ç: 4636548",1702684800,[],[],[],[]
141,141,"–ö–æ–º–±–∏–Ω–µ–∑–æ–Ω
–¶–µ–Ω–∞: 2300—Ä—É–±.
–†–∞–∑–º–µ—Ä—ã: 42,44,46,48
–î–æ–ø. –æ–ø—Ü–∏—è: —Ä–µ–º–µ–Ω—å –≤ –∫–æ–º–ø–ª–µ–∫—Ç–µ",1702684800,[],[],[],[]
142,142,Original: https://sun9-59.userapi.com/impg/aWGc_4FensTSrBMDZ0kZ7OfVM-eUhSYLGrObSw/GoQYo15jS-E.jpg?size=378x720&quality=96&sign=240a9cafeffa92c08130d5f17f4546af&type=album,1702684800,[],[],[],[]
143,143,Original: https://derpicdn.net/img/download/2023/12/14/3260605.png,1702684800,[],[],[],[]
144,144,"–ö–æ—à–µ–ª–µ–∫
–¶–µ–Ω–∞: 1250—Ä—É–±.
–ê—Ä—Ç: 8-64
–ú–∞—Ç–µ—Ä–∏–∞–ª: –∫–æ–∂–∞",1702684800,['–ê—Ä—Ç'],"[Location(–ù–æ–≤–æ–∫—É–π–±—ã—à–µ–≤—Å–∫, –°–∞–º–∞—Ä—Å–∫–∞—è –æ–±–ª–∞—Å—Ç—å, (53.09453, 49.9413, 0.0))]",['NEUTRAL'],"[[('–∞—Ä—Ç –º–∞—Ç–µ—Ä–∏–∞–ª –∫–æ–∂–∞', 0.8204), ('–∫–æ—à–µ–ª–µ–∫ —Ü–µ–Ω–∞ —Ä—É–±', 0.8113), ('–º–∞—Ç–µ—Ä–∏–∞–ª –∫–æ–∂–∞', 0.8008), ('—Ü–µ–Ω–∞ —Ä—É–± –∞—Ä—Ç', 0.7922), ('—Ä—É–± –∞—Ä—Ç –º–∞—Ç–µ—Ä–∏–∞–ª', 0.7848)]]"
145,145,"–î—É—Ö–∏
–¶–µ–Ω–∞: 500—Ä—É–±.",1702684800,[],[],[],[]
146,146,"–ü–∏–∂–∞–º–∞
–¶–µ–Ω–∞: 1050—Ä—É–±.
–ê—Ä—Ç: –ë-2–ê-42
–†–∞–∑–º–µ—Ä—ã: 42,44,46,48,50,52
–ú–∞—Ç–µ—Ä–∏–∞–ª: —à–µ–ª–∫",1702684800,[],[],[],[]
147,147,"—Ü–µ–Ω–∞ —à—Ç—É—á–Ω–æ: 800—Ä—É–±
—Ü–µ–Ω–∞ –æ–ø—Ç–æ–º: 800—Ä—É–± (—É–ø–∞–∫. 4—à—Ç=3200—Ä—É–±)
–ø–∏–¥–∂–∞–∫, –±–∞—Ä–±–∏
—Ä–∞–∑–º–µ—Ä—ã 42-44-46-48
–≤ —Ä–∞–∑–º–µ—Ä
—Ü–µ–Ω–∞ —à—Ç—É—á–Ω–æ: 800—Ä—É–±
—Ü–µ–Ω–∞ –æ–ø—Ç–æ–º: 800—Ä—É–± (—É–ø–∞–∫. 4—à—Ç=3200—Ä—É–±)
–ø–∏–¥–∂–∞–∫, –±–∞—Ä–±–∏
—Ä–∞–∑–º–µ—Ä—ã 42-44-46-48
–≤ —Ä–∞–∑–º–µ—Ä
–ê—Ä—Ç: 4602789",1702684800,['–ê—Ä—Ç'],"[Location(–ù–æ–≤–æ–∫—É–π–±—ã—à–µ–≤—Å–∫, –°–∞–º–∞—Ä—Å–∫–∞—è –æ–±–ª–∞—Å—Ç—å, (53.09453, 49.9413, 0.0))]",['NEGATIVE'],"[[('—Ä—É–± —É–ø–∞–∫ —à—Ç', 0.7116), ('—É–ø–∞–∫ —à—Ç —Ä—É–±', 0.7084), ('—à—Ç —Ä—É–± –ø–∏–¥–∂–∞–∫', 0.6801), ('—Ü–µ–Ω–∞ —à—Ç—É—á–Ω–æ —Ä—É–±', 0.6704), ('—à—Ç —Ä—É–±', 0.6625)]]"
148,148,"–ö–æ—Å—Ç—é–º –¥–≤–æ–π–∫–∞
–¶–µ–Ω–∞: 1600—Ä—É–±.
–†–∞–∑–º–µ—Ä—ã: 50,52,54,56
–ú–∞—Ç–µ—Ä–∏–∞–ª: —à–µ–ª–∫
–ù–∏–∑: –ø–ª–∞—Ç—å–µ
–°–µ–∑–æ–Ω: –≤–µ—Å–Ω–∞
–ê—Ä—Ç: 4635745",1702684800,[],[],[],[]
149,149,"–ö–æ—Å—Ç—é–º —Ç—Ä–æ–π–∫–∞
–¶–µ–Ω–∞: 2500—Ä—É–±.
–†–∞–∑–º–µ—Ä—ã: 44,46,48,50,52,54
–î–æ–ø. –æ–ø—Ü–∏—è: –Ω–∞ –ø–æ–¥–∫–ª–∞–¥–∫–µ
–ü–æ–¥–∫–ª–∞–¥–∫–∞: —Ñ–ª–∏—Å
–ê—Ä—Ç: 4638901",1702684800,[],[],[],[]
150,150,"–¶–µ–Ω–∞: 400—Ä—É–±.
–ê—Ä—Ç: 4590986",1702684800,['–ê—Ä—Ç'],"[Location(–ù–æ–≤–æ–∫—É–π–±—ã—à–µ–≤—Å–∫, –°–∞–º–∞—Ä—Å–∫–∞—è –æ–±–ª–∞—Å—Ç—å, (53.09453, 49.9413, 0.0))]",['NEUTRAL'],"[[('—Ü–µ–Ω–∞ —Ä—É–± –∞—Ä—Ç', 0.9493), ('—Ü–µ–Ω–∞ —Ä—É–±', 0.8914), ('—Ä—É–± –∞—Ä—Ç', 0.8342), ('—Ü–µ–Ω–∞', 0.8202), ('–∞—Ä—Ç', 0.7014)]]"
151,151,"–¶–µ–Ω–∞: 200—Ä—É–±.
–ê—Ä—Ç: 4630407",1702684800,['–ê—Ä—Ç'],"[Location(–ù–æ–≤–æ–∫—É–π–±—ã—à–µ–≤—Å–∫, –°–∞–º–∞—Ä—Å–∫–∞—è –æ–±–ª–∞—Å—Ç—å, (53.09453, 49.9413, 0.0))]",['NEUTRAL'],"[[('—Ü–µ–Ω–∞ —Ä—É–± –∞—Ä—Ç', 0.9493), ('—Ü–µ–Ω–∞ —Ä—É–±', 0.8914), ('—Ä—É–± –∞—Ä—Ç', 0.8342), ('—Ü–µ–Ω–∞', 0.8202), ('–∞—Ä—Ç', 0.7014)]]"
152,152,"–ö–æ—Ñ—Ç–∞
–¶–µ–Ω–∞: 550—Ä—É–±.
–ê—Ä—Ç: 2–î-22
–†–∞–∑–º–µ—Ä—ã: 128,134,140,146,152
–ú–∞—Ç–µ—Ä–∏–∞–ª: —Ö–ª–æ–ø–æ–∫",1702684800,[],[],[],[]
